onset	duration	trial_type	response_time	sample	value
1.9023437500	n/a	UncuedWalking	n/a	974.0000000000	200
2.5097656250	n/a	UncuedWalking	n/a	1285.0000000000	100
3.1640625000	n/a	UncuedWalking	n/a	1620.0000000000	200
3.7871093750	n/a	UncuedWalking	n/a	1939.0000000000	100
4.4218750000	n/a	UncuedWalking	n/a	2264.0000000000	200
5.0449218750	n/a	UncuedWalking	n/a	2583.0000000000	100
5.6855468750	n/a	UncuedWalking	n/a	2911.0000000000	200
6.3066406250	n/a	UncuedWalking	n/a	3229.0000000000	100
6.9667968750	n/a	UncuedWalking	n/a	3567.0000000000	200
7.5839843750	n/a	UncuedWalking	n/a	3883.0000000000	100
8.2363281250	n/a	UncuedWalking	n/a	4217.0000000000	200
8.8515625000	n/a	UncuedWalking	n/a	4532.0000000000	100
9.4609375000	n/a	UncuedWalking	n/a	4844.0000000000	200
10.0742187500	n/a	UncuedWalking	n/a	5158.0000000000	100
10.7304687500	n/a	UncuedWalking	n/a	5494.0000000000	200
11.3398437500	n/a	UncuedWalking	n/a	5806.0000000000	100
11.9843750000	n/a	UncuedWalking	n/a	6136.0000000000	200
12.6054687500	n/a	UncuedWalking	n/a	6454.0000000000	100
13.2558593750	n/a	UncuedWalking	n/a	6787.0000000000	200
13.8750000000	n/a	UncuedWalking	n/a	7104.0000000000	100
14.5214843750	n/a	UncuedWalking	n/a	7435.0000000000	200
15.1406250000	n/a	UncuedWalking	n/a	7752.0000000000	100
15.7792968750	n/a	UncuedWalking	n/a	8079.0000000000	200
16.3828125000	n/a	UncuedWalking	n/a	8388.0000000000	100
17.0273437500	n/a	UncuedWalking	n/a	8718.0000000000	200
17.6601562500	n/a	UncuedWalking	n/a	9042.0000000000	100
18.3007812500	n/a	UncuedWalking	n/a	9370.0000000000	200
18.9199218750	n/a	UncuedWalking	n/a	9687.0000000000	100
19.5742187500	n/a	UncuedWalking	n/a	10022.0000000000	200
20.2050781250	n/a	UncuedWalking	n/a	10345.0000000000	100
20.8554687500	n/a	UncuedWalking	n/a	10678.0000000000	200
21.4765625000	n/a	UncuedWalking	n/a	10996.0000000000	100
22.1445312500	n/a	UncuedWalking	n/a	11338.0000000000	200
22.7558593750	n/a	UncuedWalking	n/a	11651.0000000000	100
23.3964843750	n/a	UncuedWalking	n/a	11979.0000000000	200
24.0371093750	n/a	PreferredCadence	n/a	12307.0000000000	114
24.2539062500	n/a	PreferredCadence	n/a	12418.0000000000	444
24.6855468750	n/a	PreferredCadence	n/a	12639.0000000000	201
24.9062500000	n/a	PreferredCadence	n/a	12752.0000000000	251
25.3457031250	n/a	PreferredCadence	n/a	12977.0000000000	101
25.5507812500	n/a	PreferredCadence	n/a	13082.0000000000	151
26.0273437500	n/a	PreferredCadence	n/a	13326.0000000000	201
26.1660156250	n/a	PreferredCadence	n/a	13397.0000000000	251
26.6601562500	n/a	PreferredCadence	n/a	13650.0000000000	101
26.8613281250	n/a	PreferredCadence	n/a	13753.0000000000	151
27.3027343750	n/a	PreferredCadence	n/a	13979.0000000000	201
27.4648437500	n/a	PreferredCadence	n/a	14062.0000000000	251
27.9296875000	n/a	PreferredCadence	n/a	14300.0000000000	101
28.1113281250	n/a	PreferredCadence	n/a	14393.0000000000	151
28.5917968750	n/a	PreferredCadence	n/a	14639.0000000000	201
28.7539062500	n/a	PreferredCadence	n/a	14722.0000000000	251
29.2402343750	n/a	PreferredCadence	n/a	14971.0000000000	101
29.4121093750	n/a	PreferredCadence	n/a	15059.0000000000	151
29.9062500000	n/a	PreferredCadence	n/a	15312.0000000000	201
30.0078125000	n/a	PreferredCadence	n/a	15364.0000000000	251
30.5449218750	n/a	PreferredCadence	n/a	15639.0000000000	101
30.7109375000	n/a	PreferredCadence	n/a	15724.0000000000	151
31.2070312500	n/a	PreferredCadence	n/a	15978.0000000000	201
31.3164062500	n/a	PreferredCadence	n/a	16034.0000000000	251
31.8437500000	n/a	PreferredCadence	n/a	16304.0000000000	101
31.9218750000	n/a	PreferredCadence	n/a	16344.0000000000	151
32.5019531250	n/a	PreferredCadence	n/a	16641.0000000000	201
32.5683593750	n/a	PreferredCadence	n/a	16675.0000000000	251
33.1269531250	n/a	AdvanceTempo	n/a	16961.0000000000	333
33.1367187500	n/a	AdvanceTempo	n/a	16966.0000000000	113
33.6328125000	n/a	AdvanceTempo	n/a	17220.0000000000	253
33.7714843750	n/a	AdvanceTempo	n/a	17291.0000000000	203
34.1992187500	n/a	AdvanceTempo	n/a	17510.0000000000	153
34.2753906250	n/a	AdvanceTempo	n/a	17549.0000000000	103
34.7031250000	n/a	AdvanceTempo	n/a	17768.0000000000	253
34.7773437500	n/a	AdvanceTempo	n/a	17806.0000000000	203
35.2480468750	n/a	AdvanceTempo	n/a	18047.0000000000	103
35.2597656250	n/a	AdvanceTempo	n/a	18053.0000000000	153
35.7695312500	n/a	AdvanceTempo	n/a	18314.0000000000	203
35.7714843750	n/a	AdvanceTempo	n/a	18315.0000000000	253
36.2929687500	n/a	AdvanceTempo	n/a	18582.0000000000	103
36.3222656250	n/a	AdvanceTempo	n/a	18597.0000000000	153
36.8437500000	n/a	AdvanceTempo	n/a	18864.0000000000	253
36.8671875000	n/a	AdvanceTempo	n/a	18876.0000000000	203
37.3828125000	n/a	AdvanceTempo	n/a	19140.0000000000	103
37.3906250000	n/a	AdvanceTempo	n/a	19144.0000000000	153
37.9082031250	n/a	AdvanceTempo	n/a	19409.0000000000	253
37.9453125000	n/a	AdvanceTempo	n/a	19428.0000000000	203
38.4160156250	n/a	AdvanceTempo	n/a	19669.0000000000	153
38.4726562500	n/a	AdvanceTempo	n/a	19698.0000000000	103
38.9238281250	n/a	AdvanceTempo	n/a	19929.0000000000	253
39.0078125000	n/a	AdvanceTempo	n/a	19972.0000000000	203
39.4843750000	n/a	AdvanceTempo	n/a	20216.0000000000	153
39.5156250000	n/a	AdvanceTempo	n/a	20232.0000000000	103
39.9902343750	n/a	AdvanceTempo	n/a	20475.0000000000	253
40.0566406250	n/a	AdvanceTempo	n/a	20509.0000000000	203
40.5546875000	n/a	AdvanceTempo	n/a	20764.0000000000	153
40.5664062500	n/a	AdvanceTempo	n/a	20770.0000000000	103
41.0664062500	n/a	AdvanceTempo	n/a	21026.0000000000	253
41.1035156250	n/a	AdvanceTempo	n/a	21045.0000000000	203
41.6250000000	n/a	AdvanceTempo	n/a	21312.0000000000	153
41.6289062500	n/a	AdvanceTempo	n/a	21314.0000000000	103
42.1308593750	n/a	AdvanceTempo	n/a	21571.0000000000	253
42.1816406250	n/a	AdvanceTempo	n/a	21597.0000000000	203
42.6914062500	n/a	AdvanceTempo	n/a	21858.0000000000	103
42.6914062500	n/a	AdvanceTempo	n/a	21858.0000000000	153
43.2343750000	n/a	UncuedWalking	n/a	22136.0000000000	200
43.7695312500	n/a	UncuedWalking	n/a	22410.0000000000	100
44.3750000000	n/a	UncuedWalking	n/a	22720.0000000000	200
44.9726562500	n/a	UncuedWalking	n/a	23026.0000000000	100
45.6230468750	n/a	UncuedWalking	n/a	23359.0000000000	200
46.2500000000	n/a	UncuedWalking	n/a	23680.0000000000	100
46.9062500000	n/a	UncuedWalking	n/a	24016.0000000000	200
47.5566406250	n/a	UncuedWalking	n/a	24349.0000000000	100
48.2031250000	n/a	UncuedWalking	n/a	24680.0000000000	200
48.8027343750	n/a	UncuedWalking	n/a	24987.0000000000	100
49.4394531250	n/a	UncuedWalking	n/a	25313.0000000000	200
50.0683593750	n/a	UncuedWalking	n/a	25635.0000000000	100
50.7226562500	n/a	UncuedWalking	n/a	25970.0000000000	200
51.3300781250	n/a	UncuedWalking	n/a	26281.0000000000	100
51.9726562500	n/a	UncuedWalking	n/a	26610.0000000000	200
52.6035156250	n/a	UncuedWalking	n/a	26933.0000000000	100
53.2773437500	n/a	UncuedWalking	n/a	27278.0000000000	200
53.8847656250	n/a	UncuedWalking	n/a	27589.0000000000	100
54.5507812500	n/a	UncuedWalking	n/a	27930.0000000000	200
55.1855468750	n/a	UncuedWalking	n/a	28255.0000000000	100
55.8515625000	n/a	UncuedWalking	n/a	28596.0000000000	200
56.4882812500	n/a	UncuedWalking	n/a	28922.0000000000	100
57.1445312500	n/a	UncuedWalking	n/a	29258.0000000000	200
57.7871093750	n/a	UncuedWalking	n/a	29587.0000000000	100
58.4511718750	n/a	UncuedWalking	n/a	29927.0000000000	200
59.0703125000	n/a	PreferredCadence	n/a	30244.0000000000	114
59.3535156250	n/a	PreferredCadence	n/a	30389.0000000000	444
59.7304687500	n/a	PreferredCadence	n/a	30582.0000000000	201
59.9648437500	n/a	PreferredCadence	n/a	30702.0000000000	251
60.3574218750	n/a	PreferredCadence	n/a	30903.0000000000	101
60.6562500000	n/a	PreferredCadence	n/a	31056.0000000000	151
60.9960937500	n/a	PreferredCadence	n/a	31230.0000000000	201
61.2597656250	n/a	PreferredCadence	n/a	31365.0000000000	251
61.6757812500	n/a	PreferredCadence	n/a	31578.0000000000	101
61.9160156250	n/a	PreferredCadence	n/a	31701.0000000000	151
62.3554687500	n/a	PreferredCadence	n/a	31926.0000000000	201
62.6152343750	n/a	PreferredCadence	n/a	32059.0000000000	251
63.0410156250	n/a	PreferredCadence	n/a	32277.0000000000	101
63.2558593750	n/a	PreferredCadence	n/a	32387.0000000000	151
63.7734375000	n/a	PreferredCadence	n/a	32652.0000000000	201
63.8671875000	n/a	PreferredCadence	n/a	32700.0000000000	251
64.4511718750	n/a	PreferredCadence	n/a	32999.0000000000	101
64.5156250000	n/a	PreferredCadence	n/a	33032.0000000000	151
65.1210937500	n/a	PreferredCadence	n/a	33342.0000000000	201
65.1718750000	n/a	PreferredCadence	n/a	33368.0000000000	251
65.7460937500	n/a	PreferredCadence	n/a	33662.0000000000	101
65.8085937500	n/a	PreferredCadence	n/a	33694.0000000000	151
66.4023437500	n/a	PreferredCadence	n/a	33998.0000000000	201
66.4648437500	n/a	PreferredCadence	n/a	34030.0000000000	251
67.0332031250	n/a	PreferredCadence	n/a	34321.0000000000	101
67.1191406250	n/a	PreferredCadence	n/a	34365.0000000000	151
67.6875000000	n/a	PreferredCadence	n/a	34656.0000000000	201
67.7714843750	n/a	PreferredCadence	n/a	34699.0000000000	251
68.3222656250	n/a	PreferredCadence	n/a	34981.0000000000	101
68.4140625000	n/a	PreferredCadence	n/a	35028.0000000000	151
68.9746093750	n/a	PreferredCadence	n/a	35315.0000000000	201
69.0625000000	n/a	PreferredCadence	n/a	35360.0000000000	251
69.6054687500	n/a	DelayTempo	n/a	35638.0000000000	119
69.8125000000	n/a	DelayTempo	n/a	35744.0000000000	999
70.2714843750	n/a	DelayTempo	n/a	35979.0000000000	209
70.5976562500	n/a	DelayTempo	n/a	36146.0000000000	259
71.0078125000	n/a	DelayTempo	n/a	36356.0000000000	109
71.3339843750	n/a	DelayTempo	n/a	36523.0000000000	159
71.8105468750	n/a	DelayTempo	n/a	36767.0000000000	209
72.1308593750	n/a	DelayTempo	n/a	36931.0000000000	259
72.6406250000	n/a	DelayTempo	n/a	37192.0000000000	109
72.8750000000	n/a	DelayTempo	n/a	37312.0000000000	159
73.4628906250	n/a	DelayTempo	n/a	37613.0000000000	209
73.6132812500	n/a	DelayTempo	n/a	37690.0000000000	259
74.2636718750	n/a	DelayTempo	n/a	38023.0000000000	109
74.3632812500	n/a	DelayTempo	n/a	38074.0000000000	159
75.0078125000	n/a	DelayTempo	n/a	38404.0000000000	209
75.1503906250	n/a	DelayTempo	n/a	38477.0000000000	259
75.7500000000	n/a	DelayTempo	n/a	38784.0000000000	109
75.8945312500	n/a	DelayTempo	n/a	38858.0000000000	159
76.5214843750	n/a	DelayTempo	n/a	39179.0000000000	209
76.6875000000	n/a	DelayTempo	n/a	39264.0000000000	259
77.2929687500	n/a	DelayTempo	n/a	39574.0000000000	109
77.3769531250	n/a	DelayTempo	n/a	39617.0000000000	159
78.0429687500	n/a	DelayTempo	n/a	39958.0000000000	209
78.1718750000	n/a	DelayTempo	n/a	40024.0000000000	259
78.8066406250	n/a	DelayTempo	n/a	40349.0000000000	109
78.9609375000	n/a	DelayTempo	n/a	40428.0000000000	159
79.5507812500	n/a	DelayTempo	n/a	40730.0000000000	209
79.6992187500	n/a	DelayTempo	n/a	40806.0000000000	259
80.2753906250	n/a	DelayTempo	n/a	41101.0000000000	109
80.4453125000	n/a	DelayTempo	n/a	41188.0000000000	159
81.0214843750	n/a	DelayTempo	n/a	41483.0000000000	209
81.1855468750	n/a	DelayTempo	n/a	41567.0000000000	259
81.7500000000	n/a	DelayTempo	n/a	41856.0000000000	109
81.9707031250	n/a	DelayTempo	n/a	41969.0000000000	159
82.5058593750	n/a	DelayTempo	n/a	42243.0000000000	209
82.7207031250	n/a	DelayTempo	n/a	42353.0000000000	259
83.2753906250	n/a	DelayTempo	n/a	42637.0000000000	109
83.4570312500	n/a	DelayTempo	n/a	42730.0000000000	159
84.0507812500	n/a	UncuedWalking	n/a	43034.0000000000	200
84.8164062500	n/a	UncuedWalking	n/a	43426.0000000000	100
85.5996093750	n/a	UncuedWalking	n/a	43827.0000000000	200
86.3027343750	n/a	UncuedWalking	n/a	44187.0000000000	100
86.9941406250	n/a	UncuedWalking	n/a	44541.0000000000	200
87.6484375000	n/a	UncuedWalking	n/a	44876.0000000000	100
88.3457031250	n/a	UncuedWalking	n/a	45233.0000000000	200
89.0058593750	n/a	UncuedWalking	n/a	45571.0000000000	100
89.6894531250	n/a	UncuedWalking	n/a	45921.0000000000	200
90.3320312500	n/a	UncuedWalking	n/a	46250.0000000000	100
91.0234375000	n/a	UncuedWalking	n/a	46604.0000000000	200
91.6679687500	n/a	UncuedWalking	n/a	46934.0000000000	100
92.3476562500	n/a	UncuedWalking	n/a	47282.0000000000	200
92.9804687500	n/a	UncuedWalking	n/a	47606.0000000000	100
93.6503906250	n/a	UncuedWalking	n/a	47949.0000000000	200
94.2851562500	n/a	UncuedWalking	n/a	48274.0000000000	100
94.9453125000	n/a	UncuedWalking	n/a	48612.0000000000	200
95.5976562500	n/a	UncuedWalking	n/a	48946.0000000000	100
96.2539062500	n/a	UncuedWalking	n/a	49282.0000000000	200
96.9082031250	n/a	UncuedWalking	n/a	49617.0000000000	100
97.5722656250	n/a	UncuedWalking	n/a	49957.0000000000	200
98.2128906250	n/a	UncuedWalking	n/a	50285.0000000000	100
98.8886718750	n/a	UncuedWalking	n/a	50631.0000000000	200
99.5390625000	n/a	UncuedWalking	n/a	50964.0000000000	100
100.2050781250	n/a	UncuedWalking	n/a	51305.0000000000	200
100.8535156250	n/a	PreferredCadence	n/a	51637.0000000000	114
101.1113281250	n/a	PreferredCadence	n/a	51769.0000000000	444
101.5156250000	n/a	PreferredCadence	n/a	51976.0000000000	201
101.7578125000	n/a	PreferredCadence	n/a	52100.0000000000	251
102.1992187500	n/a	PreferredCadence	n/a	52326.0000000000	101
102.4531250000	n/a	PreferredCadence	n/a	52456.0000000000	151
102.8710937500	n/a	PreferredCadence	n/a	52670.0000000000	201
103.1113281250	n/a	PreferredCadence	n/a	52793.0000000000	251
103.5332031250	n/a	PreferredCadence	n/a	53009.0000000000	101
103.7578125000	n/a	PreferredCadence	n/a	53124.0000000000	151
104.2011718750	n/a	PreferredCadence	n/a	53351.0000000000	201
104.4042968750	n/a	PreferredCadence	n/a	53455.0000000000	251
104.8496093750	n/a	PreferredCadence	n/a	53683.0000000000	101
105.0546875000	n/a	PreferredCadence	n/a	53788.0000000000	151
105.5156250000	n/a	PreferredCadence	n/a	54024.0000000000	201
105.7050781250	n/a	PreferredCadence	n/a	54121.0000000000	251
106.1347656250	n/a	PreferredCadence	n/a	54341.0000000000	101
106.3574218750	n/a	PreferredCadence	n/a	54455.0000000000	151
106.7988281250	n/a	PreferredCadence	n/a	54681.0000000000	201
107.0039062500	n/a	PreferredCadence	n/a	54786.0000000000	251
107.4101562500	n/a	PreferredCadence	n/a	54994.0000000000	101
107.6582031250	n/a	PreferredCadence	n/a	55121.0000000000	151
108.0703125000	n/a	PreferredCadence	n/a	55332.0000000000	201
108.3496093750	n/a	PreferredCadence	n/a	55475.0000000000	251
108.7128906250	n/a	PreferredCadence	n/a	55661.0000000000	101
109.0039062500	n/a	PreferredCadence	n/a	55810.0000000000	151
109.4355468750	n/a	PreferredCadence	n/a	56031.0000000000	201
109.6542968750	n/a	PreferredCadence	n/a	56143.0000000000	251
110.1328125000	n/a	DelayTempo	n/a	56388.0000000000	119
110.3964843750	n/a	DelayTempo	n/a	56523.0000000000	999
110.8417968750	n/a	DelayTempo	n/a	56751.0000000000	209
111.1855468750	n/a	DelayTempo	n/a	56927.0000000000	259
111.5566406250	n/a	DelayTempo	n/a	57117.0000000000	109
111.9277343750	n/a	DelayTempo	n/a	57307.0000000000	159
112.4140625000	n/a	DelayTempo	n/a	57556.0000000000	209
112.7109375000	n/a	DelayTempo	n/a	57708.0000000000	259
113.2519531250	n/a	DelayTempo	n/a	57985.0000000000	109
113.4589843750	n/a	DelayTempo	n/a	58091.0000000000	159
114.0917968750	n/a	DelayTempo	n/a	58415.0000000000	209
114.2480468750	n/a	DelayTempo	n/a	58495.0000000000	259
114.8593750000	n/a	DelayTempo	n/a	58808.0000000000	109
115.0390625000	n/a	DelayTempo	n/a	58900.0000000000	159
115.6347656250	n/a	DelayTempo	n/a	59205.0000000000	209
115.7851562500	n/a	DelayTempo	n/a	59282.0000000000	259
116.3886718750	n/a	DelayTempo	n/a	59591.0000000000	109
116.5722656250	n/a	DelayTempo	n/a	59685.0000000000	159
117.1718750000	n/a	DelayTempo	n/a	59992.0000000000	209
117.3183593750	n/a	DelayTempo	n/a	60067.0000000000	259
117.9121093750	n/a	DelayTempo	n/a	60371.0000000000	109
118.1015625000	n/a	DelayTempo	n/a	60468.0000000000	159
118.7031250000	n/a	DelayTempo	n/a	60776.0000000000	209
118.8476562500	n/a	DelayTempo	n/a	60850.0000000000	259
119.4843750000	n/a	DelayTempo	n/a	61176.0000000000	109
119.5839843750	n/a	DelayTempo	n/a	61227.0000000000	159
120.2402343750	n/a	DelayTempo	n/a	61563.0000000000	209
120.3769531250	n/a	DelayTempo	n/a	61633.0000000000	259
120.9863281250	n/a	DelayTempo	n/a	61945.0000000000	109
121.1699218750	n/a	DelayTempo	n/a	62039.0000000000	159
121.7753906250	n/a	DelayTempo	n/a	62349.0000000000	209
121.9101562500	n/a	DelayTempo	n/a	62418.0000000000	259
122.5351562500	n/a	DelayTempo	n/a	62738.0000000000	109
122.6953125000	n/a	DelayTempo	n/a	62820.0000000000	159
123.3125000000	n/a	DelayTempo	n/a	63136.0000000000	209
123.4902343750	n/a	DelayTempo	n/a	63227.0000000000	259
124.1132812500	n/a	DelayTempo	n/a	63546.0000000000	109
124.2304687500	n/a	DelayTempo	n/a	63606.0000000000	159
124.9003906250	n/a	UncuedWalking	n/a	63949.0000000000	200
125.6796875000	n/a	UncuedWalking	n/a	64348.0000000000	100
126.4257812500	n/a	UncuedWalking	n/a	64730.0000000000	200
127.1347656250	n/a	UncuedWalking	n/a	65093.0000000000	100
127.8261718750	n/a	UncuedWalking	n/a	65447.0000000000	200
128.4980468750	n/a	UncuedWalking	n/a	65791.0000000000	100
129.1816406250	n/a	UncuedWalking	n/a	66141.0000000000	200
129.8437500000	n/a	UncuedWalking	n/a	66480.0000000000	100
130.5312500000	n/a	UncuedWalking	n/a	66832.0000000000	200
131.1953125000	n/a	UncuedWalking	n/a	67172.0000000000	100
131.8906250000	n/a	UncuedWalking	n/a	67528.0000000000	200
132.5390625000	n/a	UncuedWalking	n/a	67860.0000000000	100
133.2246093750	n/a	UncuedWalking	n/a	68211.0000000000	200
133.8652343750	n/a	UncuedWalking	n/a	68539.0000000000	100
134.5351562500	n/a	UncuedWalking	n/a	68882.0000000000	200
135.1875000000	n/a	UncuedWalking	n/a	69216.0000000000	100
135.8535156250	n/a	UncuedWalking	n/a	69557.0000000000	200
136.5039062500	n/a	UncuedWalking	n/a	69890.0000000000	100
137.1679687500	n/a	UncuedWalking	n/a	70230.0000000000	200
137.8359375000	n/a	UncuedWalking	n/a	70572.0000000000	100
138.5234375000	n/a	UncuedWalking	n/a	70924.0000000000	200
139.1718750000	n/a	UncuedWalking	n/a	71256.0000000000	100
139.8359375000	n/a	UncuedWalking	n/a	71596.0000000000	200
140.4960937500	n/a	PreferredCadence	n/a	71934.0000000000	114
140.7246093750	n/a	PreferredCadence	n/a	72051.0000000000	444
141.1718750000	n/a	PreferredCadence	n/a	72280.0000000000	201
141.4121093750	n/a	PreferredCadence	n/a	72403.0000000000	251
141.8730468750	n/a	PreferredCadence	n/a	72639.0000000000	101
142.0664062500	n/a	PreferredCadence	n/a	72738.0000000000	151
142.5761718750	n/a	PreferredCadence	n/a	72999.0000000000	201
142.7558593750	n/a	PreferredCadence	n/a	73091.0000000000	251
143.2597656250	n/a	PreferredCadence	n/a	73349.0000000000	101
143.4179687500	n/a	PreferredCadence	n/a	73430.0000000000	151
143.9550781250	n/a	PreferredCadence	n/a	73705.0000000000	201
144.0644531250	n/a	PreferredCadence	n/a	73761.0000000000	251
144.6132812500	n/a	PreferredCadence	n/a	74042.0000000000	101
144.7089843750	n/a	PreferredCadence	n/a	74091.0000000000	151
145.2871093750	n/a	PreferredCadence	n/a	74387.0000000000	201
145.3632812500	n/a	PreferredCadence	n/a	74426.0000000000	251
145.9042968750	n/a	PreferredCadence	n/a	74703.0000000000	101
146.0195312500	n/a	PreferredCadence	n/a	74762.0000000000	151
146.5527343750	n/a	PreferredCadence	n/a	75035.0000000000	201
146.7070312500	n/a	PreferredCadence	n/a	75114.0000000000	251
147.1777343750	n/a	PreferredCadence	n/a	75355.0000000000	101
147.3652343750	n/a	PreferredCadence	n/a	75451.0000000000	151
147.8496093750	n/a	PreferredCadence	n/a	75699.0000000000	201
148.0175781250	n/a	PreferredCadence	n/a	75785.0000000000	251
148.4960937500	n/a	PreferredCadence	n/a	76030.0000000000	101
148.7011718750	n/a	PreferredCadence	n/a	76135.0000000000	151
149.1425781250	n/a	PreferredCadence	n/a	76361.0000000000	201
149.3613281250	n/a	PreferredCadence	n/a	76473.0000000000	251
149.7890625000	n/a	PreferredCadence	n/a	76692.0000000000	101
150.0097656250	n/a	PreferredCadence	n/a	76805.0000000000	151
150.4511718750	n/a	PreferredCadence	n/a	77031.0000000000	201
150.6562500000	n/a	PreferredCadence	n/a	77136.0000000000	251
151.0917968750	n/a	DelayTempo	n/a	77359.0000000000	119
151.4472656250	n/a	DelayTempo	n/a	77541.0000000000	999
151.7734375000	n/a	DelayTempo	n/a	77708.0000000000	209
152.1855468750	n/a	DelayTempo	n/a	77919.0000000000	259
152.5488281250	n/a	DelayTempo	n/a	78105.0000000000	109
152.9804687500	n/a	DelayTempo	n/a	78326.0000000000	159
153.3710937500	n/a	DelayTempo	n/a	78526.0000000000	209
153.7714843750	n/a	DelayTempo	n/a	78731.0000000000	259
154.1914062500	n/a	DelayTempo	n/a	78946.0000000000	109
154.5625000000	n/a	DelayTempo	n/a	79136.0000000000	159
155.0410156250	n/a	DelayTempo	n/a	79381.0000000000	209
155.3007812500	n/a	DelayTempo	n/a	79514.0000000000	259
155.8750000000	n/a	DelayTempo	n/a	79808.0000000000	109
156.0917968750	n/a	DelayTempo	n/a	79919.0000000000	159
156.6914062500	n/a	DelayTempo	n/a	80226.0000000000	209
156.8847656250	n/a	DelayTempo	n/a	80325.0000000000	259
157.4980468750	n/a	DelayTempo	n/a	80639.0000000000	109
157.6132812500	n/a	DelayTempo	n/a	80698.0000000000	159
158.2675781250	n/a	DelayTempo	n/a	81033.0000000000	209
158.4082031250	n/a	DelayTempo	n/a	81105.0000000000	259
159.0312500000	n/a	DelayTempo	n/a	81424.0000000000	109
159.2031250000	n/a	DelayTempo	n/a	81512.0000000000	159
159.8417968750	n/a	DelayTempo	n/a	81839.0000000000	209
159.9394531250	n/a	DelayTempo	n/a	81889.0000000000	259
160.6015625000	n/a	DelayTempo	n/a	82228.0000000000	109
160.7343750000	n/a	DelayTempo	n/a	82296.0000000000	159
161.4160156250	n/a	DelayTempo	n/a	82645.0000000000	209
161.5273437500	n/a	DelayTempo	n/a	82702.0000000000	259
162.2109375000	n/a	DelayTempo	n/a	83052.0000000000	109
162.2695312500	n/a	DelayTempo	n/a	83082.0000000000	159
163.0000000000	n/a	DelayTempo	n/a	83456.0000000000	209
163.0546875000	n/a	DelayTempo	n/a	83484.0000000000	259
163.7382812500	n/a	DelayTempo	n/a	83834.0000000000	109
163.8417968750	n/a	DelayTempo	n/a	83887.0000000000	159
164.5019531250	n/a	DelayTempo	n/a	84225.0000000000	209
164.5957031250	n/a	DelayTempo	n/a	84273.0000000000	259
165.2402343750	n/a	DelayTempo	n/a	84603.0000000000	109
165.3808593750	n/a	DelayTempo	n/a	84675.0000000000	159
166.0312500000	n/a	UncuedWalking	n/a	85008.0000000000	200
166.8007812500	n/a	UncuedWalking	n/a	85402.0000000000	100
167.5781250000	n/a	UncuedWalking	n/a	85800.0000000000	200
168.2949218750	n/a	UncuedWalking	n/a	86167.0000000000	100
169.0097656250	n/a	UncuedWalking	n/a	86533.0000000000	200
169.6875000000	n/a	UncuedWalking	n/a	86880.0000000000	100
170.4160156250	n/a	UncuedWalking	n/a	87253.0000000000	200
171.1035156250	n/a	UncuedWalking	n/a	87605.0000000000	100
171.8417968750	n/a	UncuedWalking	n/a	87983.0000000000	200
172.5253906250	n/a	UncuedWalking	n/a	88333.0000000000	100
173.2343750000	n/a	UncuedWalking	n/a	88696.0000000000	200
173.9238281250	n/a	UncuedWalking	n/a	89049.0000000000	100
174.6523437500	n/a	UncuedWalking	n/a	89422.0000000000	200
175.3574218750	n/a	UncuedWalking	n/a	89783.0000000000	100
176.0625000000	n/a	UncuedWalking	n/a	90144.0000000000	200
176.7441406250	n/a	UncuedWalking	n/a	90493.0000000000	100
177.4570312500	n/a	UncuedWalking	n/a	90858.0000000000	200
178.1308593750	n/a	UncuedWalking	n/a	91203.0000000000	100
178.8574218750	n/a	UncuedWalking	n/a	91575.0000000000	200
179.5312500000	n/a	UncuedWalking	n/a	91920.0000000000	100
180.2343750000	n/a	UncuedWalking	n/a	92280.0000000000	200
180.8847656250	n/a	UncuedWalking	n/a	92613.0000000000	100
181.5781250000	n/a	UncuedWalking	n/a	92968.0000000000	200
182.2421875000	n/a	PreferredCadence	n/a	93308.0000000000	114
182.5156250000	n/a	PreferredCadence	n/a	93448.0000000000	444
182.9218750000	n/a	PreferredCadence	n/a	93656.0000000000	201
183.2089843750	n/a	PreferredCadence	n/a	93803.0000000000	251
183.6328125000	n/a	PreferredCadence	n/a	94020.0000000000	101
183.9042968750	n/a	PreferredCadence	n/a	94159.0000000000	151
184.3613281250	n/a	PreferredCadence	n/a	94393.0000000000	201
184.6015625000	n/a	PreferredCadence	n/a	94516.0000000000	251
185.0566406250	n/a	PreferredCadence	n/a	94749.0000000000	101
185.3007812500	n/a	PreferredCadence	n/a	94874.0000000000	151
185.8066406250	n/a	PreferredCadence	n/a	95133.0000000000	201
185.9960937500	n/a	PreferredCadence	n/a	95230.0000000000	251
186.5488281250	n/a	PreferredCadence	n/a	95513.0000000000	101
186.6953125000	n/a	PreferredCadence	n/a	95588.0000000000	151
187.2832031250	n/a	PreferredCadence	n/a	95889.0000000000	201
187.3359375000	n/a	PreferredCadence	n/a	95916.0000000000	251
187.9335937500	n/a	PreferredCadence	n/a	96222.0000000000	101
188.0390625000	n/a	PreferredCadence	n/a	96276.0000000000	151
188.5957031250	n/a	PreferredCadence	n/a	96561.0000000000	201
188.6855468750	n/a	PreferredCadence	n/a	96607.0000000000	251
189.2578125000	n/a	PreferredCadence	n/a	96900.0000000000	101
189.3886718750	n/a	PreferredCadence	n/a	96967.0000000000	151
189.9433593750	n/a	PreferredCadence	n/a	97251.0000000000	201
190.0839843750	n/a	PreferredCadence	n/a	97323.0000000000	251
190.5937500000	n/a	PreferredCadence	n/a	97584.0000000000	101
190.7734375000	n/a	PreferredCadence	n/a	97676.0000000000	151
191.2812500000	n/a	PreferredCadence	n/a	97936.0000000000	201
191.4687500000	n/a	PreferredCadence	n/a	98032.0000000000	251
191.9531250000	n/a	PreferredCadence	n/a	98280.0000000000	101
192.1191406250	n/a	PreferredCadence	n/a	98365.0000000000	151
192.6406250000	n/a	PreferredCadence	n/a	98632.0000000000	201
192.8710937500	n/a	PreferredCadence	n/a	98750.0000000000	251
193.3164062500	n/a	DelayTempo	n/a	98978.0000000000	119
193.6562500000	n/a	DelayTempo	n/a	99152.0000000000	999
194.1289062500	n/a	DelayTempo	n/a	99394.0000000000	209
194.4492187500	n/a	DelayTempo	n/a	99558.0000000000	259
194.9472656250	n/a	DelayTempo	n/a	99813.0000000000	109
195.2812500000	n/a	DelayTempo	n/a	99984.0000000000	159
195.7832031250	n/a	DelayTempo	n/a	100241.0000000000	209
196.0703125000	n/a	DelayTempo	n/a	100388.0000000000	259
196.6445312500	n/a	DelayTempo	n/a	100682.0000000000	109
196.9082031250	n/a	DelayTempo	n/a	100817.0000000000	159
197.4765625000	n/a	DelayTempo	n/a	101108.0000000000	209
197.6953125000	n/a	DelayTempo	n/a	101220.0000000000	259
198.3593750000	n/a	DelayTempo	n/a	101560.0000000000	109
198.4824218750	n/a	DelayTempo	n/a	101623.0000000000	159
199.2324218750	n/a	DelayTempo	n/a	102007.0000000000	209
199.3183593750	n/a	DelayTempo	n/a	102051.0000000000	259
200.0937500000	n/a	DelayTempo	n/a	102448.0000000000	109
200.1054687500	n/a	DelayTempo	n/a	102454.0000000000	159
200.9121093750	n/a	DelayTempo	n/a	102867.0000000000	209
200.9433593750	n/a	DelayTempo	n/a	102883.0000000000	259
201.7382812500	n/a	DelayTempo	n/a	103290.0000000000	159
201.7519531250	n/a	DelayTempo	n/a	103297.0000000000	109
202.5292968750	n/a	DelayTempo	n/a	103695.0000000000	259
202.5585937500	n/a	DelayTempo	n/a	103710.0000000000	209
203.3164062500	n/a	DelayTempo	n/a	104098.0000000000	159
203.3535156250	n/a	DelayTempo	n/a	104117.0000000000	109
204.1269531250	n/a	DelayTempo	n/a	104513.0000000000	209
204.1503906250	n/a	DelayTempo	n/a	104525.0000000000	259
204.8886718750	n/a	DelayTempo	n/a	104903.0000000000	109
204.9453125000	n/a	DelayTempo	n/a	104932.0000000000	159
205.6777343750	n/a	DelayTempo	n/a	105307.0000000000	209
205.7753906250	n/a	DelayTempo	n/a	105357.0000000000	259
206.4726562500	n/a	DelayTempo	n/a	105714.0000000000	109
206.5683593750	n/a	DelayTempo	n/a	105763.0000000000	159
207.2832031250	n/a	DelayTempo	n/a	106129.0000000000	209
207.3554687500	n/a	DelayTempo	n/a	106166.0000000000	259
208.0878906250	n/a	DelayTempo	n/a	106541.0000000000	109
208.1855468750	n/a	DelayTempo	n/a	106591.0000000000	159
208.9140625000	n/a	UncuedWalking	n/a	106964.0000000000	200
209.7148437500	n/a	UncuedWalking	n/a	107374.0000000000	100
210.4902343750	n/a	UncuedWalking	n/a	107771.0000000000	200
211.1523437500	n/a	UncuedWalking	n/a	108110.0000000000	100
211.8320312500	n/a	UncuedWalking	n/a	108458.0000000000	200
212.4902343750	n/a	UncuedWalking	n/a	108795.0000000000	100
213.1914062500	n/a	UncuedWalking	n/a	109154.0000000000	200
213.8535156250	n/a	UncuedWalking	n/a	109493.0000000000	100
214.5371093750	n/a	UncuedWalking	n/a	109843.0000000000	200
215.2128906250	n/a	UncuedWalking	n/a	110189.0000000000	100
215.9042968750	n/a	UncuedWalking	n/a	110543.0000000000	200
216.5996093750	n/a	UncuedWalking	n/a	110899.0000000000	100
217.2832031250	n/a	UncuedWalking	n/a	111249.0000000000	200
217.9609375000	n/a	UncuedWalking	n/a	111596.0000000000	100
218.6582031250	n/a	UncuedWalking	n/a	111953.0000000000	200
219.3125000000	n/a	UncuedWalking	n/a	112288.0000000000	100
219.9804687500	n/a	UncuedWalking	n/a	112630.0000000000	200
220.6230468750	n/a	UncuedWalking	n/a	112959.0000000000	100
221.2929687500	n/a	UncuedWalking	n/a	113302.0000000000	200
221.9355468750	n/a	UncuedWalking	n/a	113631.0000000000	100
222.6210937500	n/a	UncuedWalking	n/a	113982.0000000000	200
223.2734375000	n/a	UncuedWalking	n/a	114316.0000000000	100
223.9433593750	n/a	UncuedWalking	n/a	114659.0000000000	200
224.5878906250	n/a	PreferredCadence	n/a	114989.0000000000	114
224.8632812500	n/a	PreferredCadence	n/a	115130.0000000000	444
225.2675781250	n/a	PreferredCadence	n/a	115337.0000000000	201
225.5156250000	n/a	PreferredCadence	n/a	115464.0000000000	251
225.9667968750	n/a	PreferredCadence	n/a	115695.0000000000	101
226.1621093750	n/a	PreferredCadence	n/a	115795.0000000000	151
226.6503906250	n/a	PreferredCadence	n/a	116045.0000000000	201
226.8144531250	n/a	PreferredCadence	n/a	116129.0000000000	251
227.3085937500	n/a	PreferredCadence	n/a	116382.0000000000	101
227.4707031250	n/a	PreferredCadence	n/a	116465.0000000000	151
227.9453125000	n/a	PreferredCadence	n/a	116708.0000000000	201
228.1132812500	n/a	PreferredCadence	n/a	116794.0000000000	251
228.5957031250	n/a	PreferredCadence	n/a	117041.0000000000	101
228.8085937500	n/a	PreferredCadence	n/a	117150.0000000000	151
229.2578125000	n/a	PreferredCadence	n/a	117380.0000000000	201
229.4628906250	n/a	PreferredCadence	n/a	117485.0000000000	251
229.9160156250	n/a	PreferredCadence	n/a	117717.0000000000	101
230.1093750000	n/a	PreferredCadence	n/a	117816.0000000000	151
230.5859375000	n/a	PreferredCadence	n/a	118060.0000000000	201
230.7578125000	n/a	PreferredCadence	n/a	118148.0000000000	251
231.2343750000	n/a	PreferredCadence	n/a	118392.0000000000	101
231.4101562500	n/a	PreferredCadence	n/a	118482.0000000000	151
231.9003906250	n/a	PreferredCadence	n/a	118733.0000000000	201
232.1113281250	n/a	PreferredCadence	n/a	118841.0000000000	251
232.5507812500	n/a	PreferredCadence	n/a	119066.0000000000	101
232.7578125000	n/a	PreferredCadence	n/a	119172.0000000000	151
233.2519531250	n/a	PreferredCadence	n/a	119425.0000000000	201
233.4062500000	n/a	PreferredCadence	n/a	119504.0000000000	251
233.9140625000	n/a	PreferredCadence	n/a	119764.0000000000	101
234.0468750000	n/a	PreferredCadence	n/a	119832.0000000000	151
234.5820312500	n/a	PreferredCadence	n/a	120106.0000000000	201
234.7480468750	n/a	PreferredCadence	n/a	120191.0000000000	251
235.2480468750	n/a	PreferredCadence	n/a	120447.0000000000	101
235.3593750000	n/a	PreferredCadence	n/a	120504.0000000000	151
235.9179687500	n/a	PreferredCadence	n/a	120790.0000000000	201
236.0058593750	n/a	PreferredCadence	n/a	120835.0000000000	251
236.5781250000	n/a	AdvanceTempo	n/a	121128.0000000000	113
236.6093750000	n/a	AdvanceTempo	n/a	121144.0000000000	333
237.1210937500	n/a	AdvanceTempo	n/a	121406.0000000000	253
237.2246093750	n/a	AdvanceTempo	n/a	121459.0000000000	203
237.6777343750	n/a	AdvanceTempo	n/a	121691.0000000000	153
237.8007812500	n/a	AdvanceTempo	n/a	121754.0000000000	103
238.2343750000	n/a	AdvanceTempo	n/a	121976.0000000000	253
238.3320312500	n/a	AdvanceTempo	n/a	122026.0000000000	203
238.7851562500	n/a	AdvanceTempo	n/a	122258.0000000000	153
238.8535156250	n/a	AdvanceTempo	n/a	122293.0000000000	103
239.3046875000	n/a	AdvanceTempo	n/a	122524.0000000000	253
239.3789062500	n/a	AdvanceTempo	n/a	122562.0000000000	203
239.8574218750	n/a	AdvanceTempo	n/a	122807.0000000000	153
239.8847656250	n/a	AdvanceTempo	n/a	122821.0000000000	103
240.4238281250	n/a	AdvanceTempo	n/a	123097.0000000000	253
240.4394531250	n/a	AdvanceTempo	n/a	123105.0000000000	203
240.9609375000	n/a	AdvanceTempo	n/a	123372.0000000000	103
240.9765625000	n/a	AdvanceTempo	n/a	123380.0000000000	153
241.4902343750	n/a	AdvanceTempo	n/a	123643.0000000000	253
241.5078125000	n/a	AdvanceTempo	n/a	123652.0000000000	203
242.0351562500	n/a	AdvanceTempo	n/a	123922.0000000000	103
242.0488281250	n/a	AdvanceTempo	n/a	123929.0000000000	153
242.5566406250	n/a	AdvanceTempo	n/a	124189.0000000000	253
242.5820312500	n/a	AdvanceTempo	n/a	124202.0000000000	203
243.1054687500	n/a	AdvanceTempo	n/a	124470.0000000000	103
243.1601562500	n/a	AdvanceTempo	n/a	124498.0000000000	153
243.6718750000	n/a	AdvanceTempo	n/a	124760.0000000000	203
243.7167968750	n/a	AdvanceTempo	n/a	124783.0000000000	253
244.2070312500	n/a	AdvanceTempo	n/a	125034.0000000000	103
244.2285156250	n/a	AdvanceTempo	n/a	125045.0000000000	153
244.7656250000	n/a	AdvanceTempo	n/a	125320.0000000000	203
244.7871093750	n/a	AdvanceTempo	n/a	125331.0000000000	253
245.2910156250	n/a	AdvanceTempo	n/a	125589.0000000000	103
245.3457031250	n/a	AdvanceTempo	n/a	125617.0000000000	153
245.8515625000	n/a	AdvanceTempo	n/a	125876.0000000000	253
245.8613281250	n/a	AdvanceTempo	n/a	125881.0000000000	203
246.4160156250	n/a	AdvanceTempo	n/a	126165.0000000000	103
246.4160156250	n/a	AdvanceTempo	n/a	126165.0000000000	153
246.9785156250	n/a	UncuedWalking	n/a	126453.0000000000	200
247.5214843750	n/a	UncuedWalking	n/a	126731.0000000000	100
248.1230468750	n/a	UncuedWalking	n/a	127039.0000000000	200
248.7343750000	n/a	UncuedWalking	n/a	127352.0000000000	100
249.3964843750	n/a	UncuedWalking	n/a	127691.0000000000	200
250.0527343750	n/a	UncuedWalking	n/a	128027.0000000000	100
250.7343750000	n/a	UncuedWalking	n/a	128376.0000000000	200
251.3906250000	n/a	UncuedWalking	n/a	128712.0000000000	100
252.0527343750	n/a	UncuedWalking	n/a	129051.0000000000	200
252.7167968750	n/a	UncuedWalking	n/a	129391.0000000000	100
253.3984375000	n/a	UncuedWalking	n/a	129740.0000000000	200
254.0605468750	n/a	UncuedWalking	n/a	130079.0000000000	100
254.7441406250	n/a	UncuedWalking	n/a	130429.0000000000	200
255.4062500000	n/a	UncuedWalking	n/a	130768.0000000000	100
256.0859375000	n/a	UncuedWalking	n/a	131116.0000000000	200
256.7519531250	n/a	UncuedWalking	n/a	131457.0000000000	100
257.4335937500	n/a	UncuedWalking	n/a	131806.0000000000	200
258.0917968750	n/a	UncuedWalking	n/a	132143.0000000000	100
258.7812500000	n/a	UncuedWalking	n/a	132496.0000000000	200
259.4335937500	n/a	UncuedWalking	n/a	132830.0000000000	100
260.0898437500	n/a	UncuedWalking	n/a	133166.0000000000	200
260.7421875000	n/a	UncuedWalking	n/a	133500.0000000000	100
261.4160156250	n/a	UncuedWalking	n/a	133845.0000000000	200
262.0781250000	n/a	UncuedWalking	n/a	134184.0000000000	100
262.7753906250	n/a	UncuedWalking	n/a	134541.0000000000	200
263.4140625000	n/a	PreferredCadence	n/a	134868.0000000000	114
263.6777343750	n/a	PreferredCadence	n/a	135003.0000000000	444
264.1093750000	n/a	PreferredCadence	n/a	135224.0000000000	201
264.3437500000	n/a	PreferredCadence	n/a	135344.0000000000	251
264.7968750000	n/a	PreferredCadence	n/a	135576.0000000000	101
264.9882812500	n/a	PreferredCadence	n/a	135674.0000000000	151
265.4589843750	n/a	PreferredCadence	n/a	135915.0000000000	201
265.6855468750	n/a	PreferredCadence	n/a	136031.0000000000	251
266.1132812500	n/a	PreferredCadence	n/a	136250.0000000000	101
266.3339843750	n/a	PreferredCadence	n/a	136363.0000000000	151
266.7968750000	n/a	PreferredCadence	n/a	136600.0000000000	201
266.9804687500	n/a	PreferredCadence	n/a	136694.0000000000	251
267.4628906250	n/a	PreferredCadence	n/a	136941.0000000000	101
267.6269531250	n/a	PreferredCadence	n/a	137025.0000000000	151
268.1347656250	n/a	PreferredCadence	n/a	137285.0000000000	201
268.2792968750	n/a	PreferredCadence	n/a	137359.0000000000	251
268.7773437500	n/a	PreferredCadence	n/a	137614.0000000000	101
268.9765625000	n/a	PreferredCadence	n/a	137716.0000000000	151
269.4414062500	n/a	PreferredCadence	n/a	137954.0000000000	201
269.6777343750	n/a	PreferredCadence	n/a	138075.0000000000	251
270.1250000000	n/a	PreferredCadence	n/a	138304.0000000000	101
270.3222656250	n/a	PreferredCadence	n/a	138405.0000000000	151
270.8417968750	n/a	PreferredCadence	n/a	138671.0000000000	201
270.9746093750	n/a	PreferredCadence	n/a	138739.0000000000	251
271.4921875000	n/a	PreferredCadence	n/a	139004.0000000000	101
271.6289062500	n/a	PreferredCadence	n/a	139074.0000000000	151
272.1523437500	n/a	PreferredCadence	n/a	139342.0000000000	201
272.2714843750	n/a	PreferredCadence	n/a	139403.0000000000	251
272.8066406250	n/a	AdvanceTempo	n/a	139677.0000000000	113
272.8339843750	n/a	AdvanceTempo	n/a	139691.0000000000	333
273.3964843750	n/a	AdvanceTempo	n/a	139979.0000000000	253
273.4277343750	n/a	AdvanceTempo	n/a	139995.0000000000	203
273.9453125000	n/a	AdvanceTempo	n/a	140260.0000000000	153
273.9941406250	n/a	AdvanceTempo	n/a	140285.0000000000	103
274.5019531250	n/a	AdvanceTempo	n/a	140545.0000000000	253
274.5664062500	n/a	AdvanceTempo	n/a	140578.0000000000	203
275.0566406250	n/a	AdvanceTempo	n/a	140829.0000000000	153
275.0976562500	n/a	AdvanceTempo	n/a	140850.0000000000	103
275.5722656250	n/a	AdvanceTempo	n/a	141093.0000000000	253
275.6777343750	n/a	AdvanceTempo	n/a	141147.0000000000	203
276.1250000000	n/a	AdvanceTempo	n/a	141376.0000000000	153
276.2089843750	n/a	AdvanceTempo	n/a	141419.0000000000	103
276.6855468750	n/a	AdvanceTempo	n/a	141663.0000000000	253
276.7402343750	n/a	AdvanceTempo	n/a	141691.0000000000	203
277.2460937500	n/a	AdvanceTempo	n/a	141950.0000000000	153
277.2519531250	n/a	AdvanceTempo	n/a	141953.0000000000	103
277.7968750000	n/a	AdvanceTempo	n/a	142232.0000000000	203
277.8027343750	n/a	AdvanceTempo	n/a	142235.0000000000	253
278.3144531250	n/a	AdvanceTempo	n/a	142497.0000000000	153
278.3222656250	n/a	AdvanceTempo	n/a	142501.0000000000	103
278.8496093750	n/a	AdvanceTempo	n/a	142771.0000000000	203
278.9140625000	n/a	AdvanceTempo	n/a	142804.0000000000	253
279.3867187500	n/a	AdvanceTempo	n/a	143046.0000000000	103
279.4687500000	n/a	AdvanceTempo	n/a	143088.0000000000	153
279.9628906250	n/a	AdvanceTempo	n/a	143341.0000000000	203
279.9843750000	n/a	AdvanceTempo	n/a	143352.0000000000	253
280.5019531250	n/a	AdvanceTempo	n/a	143617.0000000000	103
280.5429687500	n/a	AdvanceTempo	n/a	143638.0000000000	153
281.0566406250	n/a	AdvanceTempo	n/a	143901.0000000000	203
281.0996093750	n/a	AdvanceTempo	n/a	143923.0000000000	253
281.5859375000	n/a	AdvanceTempo	n/a	144172.0000000000	103
281.6562500000	n/a	AdvanceTempo	n/a	144208.0000000000	153
282.1269531250	n/a	AdvanceTempo	n/a	144449.0000000000	203
282.2128906250	n/a	AdvanceTempo	n/a	144493.0000000000	253
282.6757812500	n/a	AdvanceTempo	n/a	144730.0000000000	103
282.7148437500	n/a	AdvanceTempo	n/a	144750.0000000000	153
283.2265625000	n/a	UncuedWalking	n/a	145012.0000000000	200
283.7812500000	n/a	UncuedWalking	n/a	145296.0000000000	100
284.3906250000	n/a	UncuedWalking	n/a	145608.0000000000	200
285.0175781250	n/a	UncuedWalking	n/a	145929.0000000000	100
285.6621093750	n/a	UncuedWalking	n/a	146259.0000000000	200
286.3007812500	n/a	UncuedWalking	n/a	146586.0000000000	100
286.9824218750	n/a	UncuedWalking	n/a	146935.0000000000	200
287.6503906250	n/a	UncuedWalking	n/a	147277.0000000000	100
288.3339843750	n/a	UncuedWalking	n/a	147627.0000000000	200
288.9902343750	n/a	UncuedWalking	n/a	147963.0000000000	100
289.6992187500	n/a	UncuedWalking	n/a	148326.0000000000	200
290.3437500000	n/a	UncuedWalking	n/a	148656.0000000000	100
291.0371093750	n/a	UncuedWalking	n/a	149011.0000000000	200
291.7050781250	n/a	UncuedWalking	n/a	149353.0000000000	100
292.3906250000	n/a	UncuedWalking	n/a	149704.0000000000	200
293.0800781250	n/a	UncuedWalking	n/a	150057.0000000000	100
293.7578125000	n/a	UncuedWalking	n/a	150404.0000000000	200
294.4296875000	n/a	UncuedWalking	n/a	150748.0000000000	100
295.1074218750	n/a	UncuedWalking	n/a	151095.0000000000	200
295.7460937500	n/a	UncuedWalking	n/a	151422.0000000000	100
296.4179687500	n/a	UncuedWalking	n/a	151766.0000000000	200
297.0722656250	n/a	UncuedWalking	n/a	152101.0000000000	100
297.7421875000	n/a	UncuedWalking	n/a	152444.0000000000	200
298.3867187500	n/a	UncuedWalking	n/a	152774.0000000000	100
299.0761718750	n/a	UncuedWalking	n/a	153127.0000000000	200
299.7207031250	n/a	PreferredCadence	n/a	153457.0000000000	114
299.9960937500	n/a	PreferredCadence	n/a	153598.0000000000	444
300.3886718750	n/a	PreferredCadence	n/a	153799.0000000000	201
300.6484375000	n/a	PreferredCadence	n/a	153932.0000000000	251
301.0917968750	n/a	PreferredCadence	n/a	154159.0000000000	101
301.3027343750	n/a	PreferredCadence	n/a	154267.0000000000	151
301.7734375000	n/a	PreferredCadence	n/a	154508.0000000000	201
302.0429687500	n/a	PreferredCadence	n/a	154646.0000000000	251
302.4589843750	n/a	PreferredCadence	n/a	154859.0000000000	101
302.6015625000	n/a	PreferredCadence	n/a	154932.0000000000	151
303.1679687500	n/a	PreferredCadence	n/a	155222.0000000000	201
303.2968750000	n/a	PreferredCadence	n/a	155288.0000000000	251
303.7910156250	n/a	PreferredCadence	n/a	155541.0000000000	101
303.9453125000	n/a	PreferredCadence	n/a	155620.0000000000	151
304.4453125000	n/a	PreferredCadence	n/a	155876.0000000000	201
304.6425781250	n/a	PreferredCadence	n/a	155977.0000000000	251
305.1113281250	n/a	PreferredCadence	n/a	156217.0000000000	101
305.2949218750	n/a	PreferredCadence	n/a	156311.0000000000	151
305.7988281250	n/a	PreferredCadence	n/a	156569.0000000000	201
305.9414062500	n/a	PreferredCadence	n/a	156642.0000000000	251
306.4687500000	n/a	PreferredCadence	n/a	156912.0000000000	101
306.6425781250	n/a	PreferredCadence	n/a	157001.0000000000	151
307.1640625000	n/a	PreferredCadence	n/a	157268.0000000000	201
307.2851562500	n/a	PreferredCadence	n/a	157330.0000000000	251
307.8593750000	n/a	PreferredCadence	n/a	157624.0000000000	101
307.9355468750	n/a	PreferredCadence	n/a	157663.0000000000	151
308.5742187500	n/a	PreferredCadence	n/a	157990.0000000000	201
308.5917968750	n/a	PreferredCadence	n/a	157999.0000000000	251
309.1445312500	n/a	AdvanceTempo	n/a	158282.0000000000	333
309.2441406250	n/a	AdvanceTempo	n/a	158333.0000000000	113
309.7050781250	n/a	AdvanceTempo	n/a	158569.0000000000	253
309.8867187500	n/a	AdvanceTempo	n/a	158662.0000000000	203
310.2128906250	n/a	AdvanceTempo	n/a	158829.0000000000	153
310.4199218750	n/a	AdvanceTempo	n/a	158935.0000000000	103
310.8164062500	n/a	AdvanceTempo	n/a	159138.0000000000	253
310.9218750000	n/a	AdvanceTempo	n/a	159192.0000000000	203
311.3320312500	n/a	AdvanceTempo	n/a	159402.0000000000	153
311.3925781250	n/a	AdvanceTempo	n/a	159433.0000000000	103
311.8867187500	n/a	AdvanceTempo	n/a	159686.0000000000	253
311.9492187500	n/a	AdvanceTempo	n/a	159718.0000000000	203
312.4453125000	n/a	AdvanceTempo	n/a	159972.0000000000	153
312.4492187500	n/a	AdvanceTempo	n/a	159974.0000000000	103
312.9902343750	n/a	AdvanceTempo	n/a	160251.0000000000	203
313.0000000000	n/a	AdvanceTempo	n/a	160256.0000000000	253
313.5273437500	n/a	AdvanceTempo	n/a	160526.0000000000	103
313.5585937500	n/a	AdvanceTempo	n/a	160542.0000000000	153
314.0996093750	n/a	AdvanceTempo	n/a	160819.0000000000	203
314.1132812500	n/a	AdvanceTempo	n/a	160826.0000000000	253
314.6289062500	n/a	AdvanceTempo	n/a	161090.0000000000	153
314.6464843750	n/a	AdvanceTempo	n/a	161099.0000000000	103
315.2246093750	n/a	AdvanceTempo	n/a	161395.0000000000	203
315.2285156250	n/a	AdvanceTempo	n/a	161397.0000000000	253
315.7363281250	n/a	AdvanceTempo	n/a	161657.0000000000	153
315.7949218750	n/a	AdvanceTempo	n/a	161687.0000000000	103
316.3007812500	n/a	AdvanceTempo	n/a	161946.0000000000	253
316.3437500000	n/a	AdvanceTempo	n/a	161968.0000000000	203
316.8554687500	n/a	AdvanceTempo	n/a	162230.0000000000	153
316.8671875000	n/a	AdvanceTempo	n/a	162236.0000000000	103
317.4121093750	n/a	AdvanceTempo	n/a	162515.0000000000	253
317.4316406250	n/a	AdvanceTempo	n/a	162525.0000000000	203
317.9238281250	n/a	AdvanceTempo	n/a	162777.0000000000	153
317.9570312500	n/a	AdvanceTempo	n/a	162794.0000000000	103
318.4804687500	n/a	AdvanceTempo	n/a	163062.0000000000	253
318.5214843750	n/a	AdvanceTempo	n/a	163083.0000000000	203
319.0488281250	n/a	AdvanceTempo	n/a	163353.0000000000	103
319.0859375000	n/a	AdvanceTempo	n/a	163372.0000000000	153
319.6054687500	n/a	UncuedWalking	n/a	163638.0000000000	200
320.1562500000	n/a	UncuedWalking	n/a	163920.0000000000	100
320.7675781250	n/a	UncuedWalking	n/a	164233.0000000000	200
321.4062500000	n/a	UncuedWalking	n/a	164560.0000000000	100
322.1074218750	n/a	UncuedWalking	n/a	164919.0000000000	200
322.7949218750	n/a	UncuedWalking	n/a	165271.0000000000	100
323.5097656250	n/a	UncuedWalking	n/a	165637.0000000000	200
324.1640625000	n/a	UncuedWalking	n/a	165972.0000000000	100
324.8789062500	n/a	UncuedWalking	n/a	166338.0000000000	200
325.5507812500	n/a	UncuedWalking	n/a	166682.0000000000	100
326.2539062500	n/a	UncuedWalking	n/a	167042.0000000000	200
326.9199218750	n/a	UncuedWalking	n/a	167383.0000000000	100
327.6171875000	n/a	UncuedWalking	n/a	167740.0000000000	200
328.2792968750	n/a	UncuedWalking	n/a	168079.0000000000	100
328.9570312500	n/a	UncuedWalking	n/a	168426.0000000000	200
329.6191406250	n/a	UncuedWalking	n/a	168765.0000000000	100
330.3105468750	n/a	UncuedWalking	n/a	169119.0000000000	200
330.9609375000	n/a	UncuedWalking	n/a	169452.0000000000	100
331.6328125000	n/a	UncuedWalking	n/a	169796.0000000000	200
332.2832031250	n/a	UncuedWalking	n/a	170129.0000000000	100
332.9648437500	n/a	UncuedWalking	n/a	170478.0000000000	200
333.6152343750	n/a	UncuedWalking	n/a	170811.0000000000	100
334.2910156250	n/a	UncuedWalking	n/a	171157.0000000000	200
334.9492187500	n/a	UncuedWalking	n/a	171494.0000000000	100
335.6425781250	n/a	UncuedWalking	n/a	171849.0000000000	200
336.2988281250	n/a	PreferredCadence	n/a	172185.0000000000	114
336.5468750000	n/a	PreferredCadence	n/a	172312.0000000000	444
336.9960937500	n/a	PreferredCadence	n/a	172542.0000000000	201
337.1972656250	n/a	PreferredCadence	n/a	172645.0000000000	251
337.6640625000	n/a	PreferredCadence	n/a	172884.0000000000	101
337.8378906250	n/a	PreferredCadence	n/a	172973.0000000000	151
338.3417968750	n/a	PreferredCadence	n/a	173231.0000000000	201
338.5390625000	n/a	PreferredCadence	n/a	173332.0000000000	251
339.0253906250	n/a	PreferredCadence	n/a	173581.0000000000	101
339.1933593750	n/a	PreferredCadence	n/a	173667.0000000000	151
339.7265625000	n/a	PreferredCadence	n/a	173940.0000000000	201
339.8378906250	n/a	PreferredCadence	n/a	173997.0000000000	251
340.3906250000	n/a	PreferredCadence	n/a	174280.0000000000	101
340.5351562500	n/a	PreferredCadence	n/a	174354.0000000000	151
341.0878906250	n/a	PreferredCadence	n/a	174637.0000000000	201
341.1855468750	n/a	PreferredCadence	n/a	174687.0000000000	251
341.7402343750	n/a	PreferredCadence	n/a	174971.0000000000	101
341.8378906250	n/a	PreferredCadence	n/a	175021.0000000000	151
342.4062500000	n/a	PreferredCadence	n/a	175312.0000000000	201
342.4882812500	n/a	PreferredCadence	n/a	175354.0000000000	251
343.0371093750	n/a	PreferredCadence	n/a	175635.0000000000	101
343.1914062500	n/a	PreferredCadence	n/a	175714.0000000000	151
343.7011718750	n/a	PreferredCadence	n/a	175975.0000000000	201
343.8417968750	n/a	PreferredCadence	n/a	176047.0000000000	251
344.3457031250	n/a	PreferredCadence	n/a	176305.0000000000	101
344.4824218750	n/a	PreferredCadence	n/a	176375.0000000000	151
345.0058593750	n/a	PreferredCadence	n/a	176643.0000000000	201
345.1367187500	n/a	PreferredCadence	n/a	176710.0000000000	251
345.6582031250	n/a	PreferredCadence	n/a	176977.0000000000	101
345.8300781250	n/a	PreferredCadence	n/a	177065.0000000000	151
346.3242187500	n/a	PreferredCadence	n/a	177318.0000000000	201
346.4765625000	n/a	PreferredCadence	n/a	177396.0000000000	251
346.9804687500	n/a	DelayTempo	n/a	177654.0000000000	119
347.2734375000	n/a	DelayTempo	n/a	177804.0000000000	999
347.6933593750	n/a	DelayTempo	n/a	178019.0000000000	209
348.0136718750	n/a	DelayTempo	n/a	178183.0000000000	259
348.4843750000	n/a	DelayTempo	n/a	178424.0000000000	109
348.8066406250	n/a	DelayTempo	n/a	178589.0000000000	159
349.2695312500	n/a	DelayTempo	n/a	178826.0000000000	209
349.5957031250	n/a	DelayTempo	n/a	178993.0000000000	259
350.0937500000	n/a	DelayTempo	n/a	179248.0000000000	109
350.3378906250	n/a	DelayTempo	n/a	179373.0000000000	159
350.8964843750	n/a	DelayTempo	n/a	179659.0000000000	209
351.1250000000	n/a	DelayTempo	n/a	179776.0000000000	259
351.7128906250	n/a	DelayTempo	n/a	180077.0000000000	109
351.8671875000	n/a	DelayTempo	n/a	180156.0000000000	159
352.5214843750	n/a	DelayTempo	n/a	180491.0000000000	209
352.6582031250	n/a	DelayTempo	n/a	180561.0000000000	259
353.3632812500	n/a	DelayTempo	n/a	180922.0000000000	109
353.3984375000	n/a	DelayTempo	n/a	180940.0000000000	159
354.1582031250	n/a	DelayTempo	n/a	181329.0000000000	209
354.1894531250	n/a	DelayTempo	n/a	181345.0000000000	259
354.9453125000	n/a	DelayTempo	n/a	181732.0000000000	109
354.9843750000	n/a	DelayTempo	n/a	181752.0000000000	159
355.6914062500	n/a	DelayTempo	n/a	182114.0000000000	209
355.7695312500	n/a	DelayTempo	n/a	182154.0000000000	259
356.4882812500	n/a	DelayTempo	n/a	182522.0000000000	109
356.5097656250	n/a	DelayTempo	n/a	182533.0000000000	159
357.2265625000	n/a	DelayTempo	n/a	182900.0000000000	209
357.3515625000	n/a	DelayTempo	n/a	182964.0000000000	259
358.0195312500	n/a	DelayTempo	n/a	183306.0000000000	109
358.0917968750	n/a	DelayTempo	n/a	183343.0000000000	159
358.7871093750	n/a	DelayTempo	n/a	183699.0000000000	209
358.8867187500	n/a	DelayTempo	n/a	183750.0000000000	259
359.5878906250	n/a	DelayTempo	n/a	184109.0000000000	109
359.6230468750	n/a	DelayTempo	n/a	184127.0000000000	159
360.3652343750	n/a	DelayTempo	n/a	184507.0000000000	209
360.4121093750	n/a	DelayTempo	n/a	184531.0000000000	259
361.1523437500	n/a	DelayTempo	n/a	184910.0000000000	109
361.1523437500	n/a	DelayTempo	n/a	184910.0000000000	159
361.8828125000	n/a	UncuedWalking	n/a	185284.0000000000	200
362.6347656250	n/a	UncuedWalking	n/a	185669.0000000000	100
363.3925781250	n/a	UncuedWalking	n/a	186057.0000000000	200
364.0996093750	n/a	UncuedWalking	n/a	186419.0000000000	100
364.8046875000	n/a	UncuedWalking	n/a	186780.0000000000	200
365.4902343750	n/a	UncuedWalking	n/a	187131.0000000000	100
366.2089843750	n/a	UncuedWalking	n/a	187499.0000000000	200
366.8945312500	n/a	UncuedWalking	n/a	187850.0000000000	100
367.5976562500	n/a	UncuedWalking	n/a	188210.0000000000	200
368.2460937500	n/a	UncuedWalking	n/a	188542.0000000000	100
368.9550781250	n/a	UncuedWalking	n/a	188905.0000000000	200
369.6328125000	n/a	UncuedWalking	n/a	189252.0000000000	100
370.3281250000	n/a	UncuedWalking	n/a	189608.0000000000	200
371.0117187500	n/a	UncuedWalking	n/a	189958.0000000000	100
371.7187500000	n/a	UncuedWalking	n/a	190320.0000000000	200
372.3710937500	n/a	UncuedWalking	n/a	190654.0000000000	100
373.0625000000	n/a	UncuedWalking	n/a	191008.0000000000	200
373.7402343750	n/a	UncuedWalking	n/a	191355.0000000000	100
374.4375000000	n/a	UncuedWalking	n/a	191712.0000000000	200
375.1113281250	n/a	UncuedWalking	n/a	192057.0000000000	100
375.8164062500	n/a	UncuedWalking	n/a	192418.0000000000	200
376.5136718750	n/a	UncuedWalking	n/a	192775.0000000000	100
377.2070312500	n/a	UncuedWalking	n/a	193130.0000000000	200
377.8750000000	n/a	PreferredCadence	n/a	193472.0000000000	114
378.1484375000	n/a	PreferredCadence	n/a	193612.0000000000	444
378.5683593750	n/a	PreferredCadence	n/a	193827.0000000000	201
378.8535156250	n/a	PreferredCadence	n/a	193973.0000000000	251
379.3007812500	n/a	PreferredCadence	n/a	194202.0000000000	101
379.4960937500	n/a	PreferredCadence	n/a	194302.0000000000	151
379.9882812500	n/a	PreferredCadence	n/a	194554.0000000000	201
380.2382812500	n/a	PreferredCadence	n/a	194682.0000000000	251
380.6816406250	n/a	PreferredCadence	n/a	194909.0000000000	101
380.8925781250	n/a	PreferredCadence	n/a	195017.0000000000	151
381.4042968750	n/a	PreferredCadence	n/a	195279.0000000000	201
381.5878906250	n/a	PreferredCadence	n/a	195373.0000000000	251
382.1132812500	n/a	PreferredCadence	n/a	195642.0000000000	101
382.2890625000	n/a	PreferredCadence	n/a	195732.0000000000	151
382.8183593750	n/a	PreferredCadence	n/a	196003.0000000000	201
382.9316406250	n/a	PreferredCadence	n/a	196061.0000000000	251
383.5078125000	n/a	PreferredCadence	n/a	196356.0000000000	101
383.6347656250	n/a	PreferredCadence	n/a	196421.0000000000	151
384.2187500000	n/a	PreferredCadence	n/a	196720.0000000000	201
384.3300781250	n/a	PreferredCadence	n/a	196777.0000000000	251
384.8925781250	n/a	PreferredCadence	n/a	197065.0000000000	101
385.0234375000	n/a	PreferredCadence	n/a	197132.0000000000	151
385.5917968750	n/a	PreferredCadence	n/a	197423.0000000000	201
385.7246093750	n/a	PreferredCadence	n/a	197491.0000000000	251
386.2617187500	n/a	PreferredCadence	n/a	197766.0000000000	101
386.4199218750	n/a	PreferredCadence	n/a	197847.0000000000	151
386.9492187500	n/a	PreferredCadence	n/a	198118.0000000000	201
387.1152343750	n/a	PreferredCadence	n/a	198203.0000000000	251
387.6269531250	n/a	PreferredCadence	n/a	198465.0000000000	101
387.8125000000	n/a	PreferredCadence	n/a	198560.0000000000	151
388.3203125000	n/a	PreferredCadence	n/a	198820.0000000000	201
388.5078125000	n/a	PreferredCadence	n/a	198916.0000000000	251
388.9941406250	n/a	PreferredCadence	n/a	199165.0000000000	101
389.1601562500	n/a	PreferredCadence	n/a	199250.0000000000	151
389.7148437500	n/a	PreferredCadence	n/a	199534.0000000000	201
389.8574218750	n/a	PreferredCadence	n/a	199607.0000000000	251
390.3828125000	n/a	AdvanceTempo	n/a	199876.0000000000	113
390.4628906250	n/a	AdvanceTempo	n/a	199917.0000000000	333
391.0175781250	n/a	AdvanceTempo	n/a	200201.0000000000	253
391.0722656250	n/a	AdvanceTempo	n/a	200229.0000000000	203
391.5742187500	n/a	AdvanceTempo	n/a	200486.0000000000	153
391.6796875000	n/a	AdvanceTempo	n/a	200540.0000000000	103
392.1367187500	n/a	AdvanceTempo	n/a	200774.0000000000	253
392.2226562500	n/a	AdvanceTempo	n/a	200818.0000000000	203
392.6914062500	n/a	AdvanceTempo	n/a	201058.0000000000	153
392.7226562500	n/a	AdvanceTempo	n/a	201074.0000000000	103
393.2539062500	n/a	AdvanceTempo	n/a	201346.0000000000	203
393.2910156250	n/a	AdvanceTempo	n/a	201365.0000000000	253
393.7675781250	n/a	AdvanceTempo	n/a	201609.0000000000	103
393.8964843750	n/a	AdvanceTempo	n/a	201675.0000000000	153
394.3652343750	n/a	AdvanceTempo	n/a	201915.0000000000	203
394.4531250000	n/a	AdvanceTempo	n/a	201960.0000000000	253
394.9375000000	n/a	AdvanceTempo	n/a	202208.0000000000	103
395.0156250000	n/a	AdvanceTempo	n/a	202248.0000000000	153
395.5234375000	n/a	AdvanceTempo	n/a	202508.0000000000	203
395.5605468750	n/a	AdvanceTempo	n/a	202527.0000000000	253
396.0820312500	n/a	AdvanceTempo	n/a	202794.0000000000	103
396.1210937500	n/a	AdvanceTempo	n/a	202814.0000000000	153
396.6894531250	n/a	AdvanceTempo	n/a	203105.0000000000	203
396.7285156250	n/a	AdvanceTempo	n/a	203125.0000000000	253
397.2363281250	n/a	AdvanceTempo	n/a	203385.0000000000	103
397.2851562500	n/a	AdvanceTempo	n/a	203410.0000000000	153
397.8320312500	n/a	AdvanceTempo	n/a	203690.0000000000	203
397.8867187500	n/a	AdvanceTempo	n/a	203718.0000000000	253
398.3925781250	n/a	AdvanceTempo	n/a	203977.0000000000	103
398.4492187500	n/a	AdvanceTempo	n/a	204006.0000000000	153
398.9863281250	n/a	AdvanceTempo	n/a	204281.0000000000	203
399.0019531250	n/a	AdvanceTempo	n/a	204289.0000000000	253
399.5429687500	n/a	AdvanceTempo	n/a	204566.0000000000	103
399.5664062500	n/a	AdvanceTempo	n/a	204578.0000000000	153
400.1308593750	n/a	AdvanceTempo	n/a	204867.0000000000	203
400.1660156250	n/a	AdvanceTempo	n/a	204885.0000000000	253
400.6816406250	n/a	AdvanceTempo	n/a	205149.0000000000	103
400.7207031250	n/a	AdvanceTempo	n/a	205169.0000000000	153
401.2675781250	n/a	UncuedWalking	n/a	205449.0000000000	200
401.8359375000	n/a	UncuedWalking	n/a	205740.0000000000	100
402.4628906250	n/a	UncuedWalking	n/a	206061.0000000000	200
403.1074218750	n/a	UncuedWalking	n/a	206391.0000000000	100
403.7597656250	n/a	UncuedWalking	n/a	206725.0000000000	200
404.3867187500	n/a	UncuedWalking	n/a	207046.0000000000	100
405.0527343750	n/a	UncuedWalking	n/a	207387.0000000000	200
405.7246093750	n/a	UncuedWalking	n/a	207731.0000000000	100
406.4082031250	n/a	UncuedWalking	n/a	208081.0000000000	200
407.0566406250	n/a	UncuedWalking	n/a	208413.0000000000	100
407.7148437500	n/a	UncuedWalking	n/a	208750.0000000000	200
408.3554687500	n/a	UncuedWalking	n/a	209078.0000000000	100
409.0468750000	n/a	UncuedWalking	n/a	209432.0000000000	200
409.6953125000	n/a	UncuedWalking	n/a	209764.0000000000	100
410.3750000000	n/a	UncuedWalking	n/a	210112.0000000000	200
411.0351562500	n/a	UncuedWalking	n/a	210450.0000000000	100
411.6972656250	n/a	UncuedWalking	n/a	210789.0000000000	200
412.3613281250	n/a	UncuedWalking	n/a	211129.0000000000	100
413.0351562500	n/a	UncuedWalking	n/a	211474.0000000000	200
413.6855468750	n/a	UncuedWalking	n/a	211807.0000000000	100
414.3457031250	n/a	UncuedWalking	n/a	212145.0000000000	200
414.9746093750	n/a	UncuedWalking	n/a	212467.0000000000	100
415.6386718750	n/a	UncuedWalking	n/a	212807.0000000000	200
416.2890625000	n/a	UncuedWalking	n/a	213140.0000000000	100
416.9824218750	n/a	UncuedWalking	n/a	213495.0000000000	200
417.6289062500	n/a	PreferredCadence	n/a	213826.0000000000	114
417.8554687500	n/a	PreferredCadence	n/a	213942.0000000000	444
418.2890625000	n/a	PreferredCadence	n/a	214164.0000000000	201
418.5136718750	n/a	PreferredCadence	n/a	214279.0000000000	251
418.9550781250	n/a	PreferredCadence	n/a	214505.0000000000	101
419.2050781250	n/a	PreferredCadence	n/a	214633.0000000000	151
419.6347656250	n/a	PreferredCadence	n/a	214853.0000000000	201
419.8574218750	n/a	PreferredCadence	n/a	214967.0000000000	251
420.3027343750	n/a	PreferredCadence	n/a	215195.0000000000	101
420.4960937500	n/a	PreferredCadence	n/a	215294.0000000000	151
421.0214843750	n/a	PreferredCadence	n/a	215563.0000000000	201
421.1503906250	n/a	PreferredCadence	n/a	215629.0000000000	251
421.7070312500	n/a	PreferredCadence	n/a	215914.0000000000	101
421.8027343750	n/a	PreferredCadence	n/a	215963.0000000000	151
422.4218750000	n/a	PreferredCadence	n/a	216280.0000000000	201
422.4609375000	n/a	PreferredCadence	n/a	216300.0000000000	251
423.0644531250	n/a	PreferredCadence	n/a	216609.0000000000	101
423.1542968750	n/a	PreferredCadence	n/a	216655.0000000000	151
423.7304687500	n/a	PreferredCadence	n/a	216950.0000000000	201
423.7500000000	n/a	PreferredCadence	n/a	216960.0000000000	251
424.3554687500	n/a	PreferredCadence	n/a	217270.0000000000	101
424.4492187500	n/a	PreferredCadence	n/a	217318.0000000000	151
424.9980468750	n/a	PreferredCadence	n/a	217599.0000000000	201
425.0546875000	n/a	PreferredCadence	n/a	217628.0000000000	251
425.6289062500	n/a	PreferredCadence	n/a	217922.0000000000	101
425.7441406250	n/a	PreferredCadence	n/a	217981.0000000000	151
426.2832031250	n/a	PreferredCadence	n/a	218257.0000000000	201
426.4023437500	n/a	PreferredCadence	n/a	218318.0000000000	251
426.9082031250	n/a	PreferredCadence	n/a	218577.0000000000	101
427.0546875000	n/a	PreferredCadence	n/a	218652.0000000000	151
427.5742187500	n/a	PreferredCadence	n/a	218918.0000000000	201
427.7500000000	n/a	PreferredCadence	n/a	219008.0000000000	251
428.2089843750	n/a	AdvanceTempo	n/a	219243.0000000000	113
428.2597656250	n/a	AdvanceTempo	n/a	219269.0000000000	333
428.8242187500	n/a	AdvanceTempo	n/a	219558.0000000000	253
428.8710937500	n/a	AdvanceTempo	n/a	219582.0000000000	203
429.3710937500	n/a	AdvanceTempo	n/a	219838.0000000000	153
429.4121093750	n/a	AdvanceTempo	n/a	219859.0000000000	103
429.8847656250	n/a	AdvanceTempo	n/a	220101.0000000000	253
429.9335937500	n/a	AdvanceTempo	n/a	220126.0000000000	203
430.4414062500	n/a	AdvanceTempo	n/a	220386.0000000000	153
430.4531250000	n/a	AdvanceTempo	n/a	220392.0000000000	103
430.9589843750	n/a	AdvanceTempo	n/a	220651.0000000000	253
431.0078125000	n/a	AdvanceTempo	n/a	220676.0000000000	203
431.5136718750	n/a	AdvanceTempo	n/a	220935.0000000000	103
431.5546875000	n/a	AdvanceTempo	n/a	220956.0000000000	153
432.0429687500	n/a	AdvanceTempo	n/a	221206.0000000000	203
432.0644531250	n/a	AdvanceTempo	n/a	221217.0000000000	253
432.5722656250	n/a	AdvanceTempo	n/a	221477.0000000000	103
432.6191406250	n/a	AdvanceTempo	n/a	221501.0000000000	153
433.1132812500	n/a	AdvanceTempo	n/a	221754.0000000000	203
433.1835937500	n/a	AdvanceTempo	n/a	221790.0000000000	253
433.6425781250	n/a	AdvanceTempo	n/a	222025.0000000000	103
433.6875000000	n/a	AdvanceTempo	n/a	222048.0000000000	153
434.1816406250	n/a	AdvanceTempo	n/a	222301.0000000000	203
434.2949218750	n/a	AdvanceTempo	n/a	222359.0000000000	253
434.7148437500	n/a	AdvanceTempo	n/a	222574.0000000000	103
434.8007812500	n/a	AdvanceTempo	n/a	222618.0000000000	153
435.2929687500	n/a	AdvanceTempo	n/a	222870.0000000000	203
435.3593750000	n/a	AdvanceTempo	n/a	222904.0000000000	253
435.8261718750	n/a	AdvanceTempo	n/a	223143.0000000000	103
435.9218750000	n/a	AdvanceTempo	n/a	223192.0000000000	153
436.4023437500	n/a	AdvanceTempo	n/a	223438.0000000000	203
436.4277343750	n/a	AdvanceTempo	n/a	223451.0000000000	253
436.9414062500	n/a	AdvanceTempo	n/a	223714.0000000000	103
436.9902343750	n/a	AdvanceTempo	n/a	223739.0000000000	153
437.5175781250	n/a	AdvanceTempo	n/a	224009.0000000000	203
437.5488281250	n/a	AdvanceTempo	n/a	224025.0000000000	253
438.0585937500	n/a	AdvanceTempo	n/a	224286.0000000000	103
438.1093750000	n/a	AdvanceTempo	n/a	224312.0000000000	153
438.6093750000	n/a	UncuedWalking	n/a	224568.0000000000	200
439.1542968750	n/a	UncuedWalking	n/a	224847.0000000000	100
439.7402343750	n/a	UncuedWalking	n/a	225147.0000000000	200
440.3730468750	n/a	UncuedWalking	n/a	225471.0000000000	100
441.0253906250	n/a	UncuedWalking	n/a	225805.0000000000	200
441.6640625000	n/a	UncuedWalking	n/a	226132.0000000000	100
442.3085937500	n/a	UncuedWalking	n/a	226462.0000000000	200
442.9433593750	n/a	UncuedWalking	n/a	226787.0000000000	100
443.5761718750	n/a	UncuedWalking	n/a	227111.0000000000	200
444.2343750000	n/a	UncuedWalking	n/a	227448.0000000000	100
444.8847656250	n/a	UncuedWalking	n/a	227781.0000000000	200
445.5195312500	n/a	UncuedWalking	n/a	228106.0000000000	100
446.1679687500	n/a	UncuedWalking	n/a	228438.0000000000	200
446.8046875000	n/a	UncuedWalking	n/a	228764.0000000000	100
447.4785156250	n/a	UncuedWalking	n/a	229109.0000000000	200
448.1484375000	n/a	UncuedWalking	n/a	229452.0000000000	100
448.8046875000	n/a	UncuedWalking	n/a	229788.0000000000	200
449.4414062500	n/a	UncuedWalking	n/a	230114.0000000000	100
450.0820312500	n/a	UncuedWalking	n/a	230442.0000000000	200
450.7089843750	n/a	UncuedWalking	n/a	230763.0000000000	100
451.3652343750	n/a	UncuedWalking	n/a	231099.0000000000	200
451.9921875000	n/a	UncuedWalking	n/a	231420.0000000000	100
452.6503906250	n/a	UncuedWalking	n/a	231757.0000000000	200
453.2851562500	n/a	UncuedWalking	n/a	232082.0000000000	100
453.9277343750	n/a	UncuedWalking	n/a	232411.0000000000	200
454.5625000000	n/a	PreferredCadence	n/a	232736.0000000000	114
454.8242187500	n/a	PreferredCadence	n/a	232870.0000000000	444
455.2011718750	n/a	PreferredCadence	n/a	233063.0000000000	201
455.4238281250	n/a	PreferredCadence	n/a	233177.0000000000	251
455.8515625000	n/a	PreferredCadence	n/a	233396.0000000000	101
456.0703125000	n/a	PreferredCadence	n/a	233508.0000000000	151
456.4980468750	n/a	PreferredCadence	n/a	233727.0000000000	201
456.7226562500	n/a	PreferredCadence	n/a	233842.0000000000	251
457.1425781250	n/a	PreferredCadence	n/a	234057.0000000000	101
457.3808593750	n/a	PreferredCadence	n/a	234179.0000000000	151
457.8125000000	n/a	PreferredCadence	n/a	234400.0000000000	201
458.0273437500	n/a	PreferredCadence	n/a	234510.0000000000	251
458.4550781250	n/a	PreferredCadence	n/a	234729.0000000000	101
458.6289062500	n/a	PreferredCadence	n/a	234818.0000000000	151
459.1269531250	n/a	PreferredCadence	n/a	235073.0000000000	201
459.2812500000	n/a	PreferredCadence	n/a	235152.0000000000	251
459.7500000000	n/a	PreferredCadence	n/a	235392.0000000000	101
459.9277343750	n/a	PreferredCadence	n/a	235483.0000000000	151
460.4062500000	n/a	PreferredCadence	n/a	235728.0000000000	201
460.5292968750	n/a	PreferredCadence	n/a	235791.0000000000	251
461.0390625000	n/a	PreferredCadence	n/a	236052.0000000000	101
461.2226562500	n/a	PreferredCadence	n/a	236146.0000000000	151
461.6992187500	n/a	PreferredCadence	n/a	236390.0000000000	201
461.8398437500	n/a	PreferredCadence	n/a	236462.0000000000	251
462.3378906250	n/a	PreferredCadence	n/a	236717.0000000000	101
462.4843750000	n/a	PreferredCadence	n/a	236792.0000000000	151
463.0078125000	n/a	PreferredCadence	n/a	237060.0000000000	201
463.1289062500	n/a	PreferredCadence	n/a	237122.0000000000	251
463.6250000000	n/a	PreferredCadence	n/a	237376.0000000000	101
463.7382812500	n/a	PreferredCadence	n/a	237434.0000000000	151
464.3007812500	n/a	PreferredCadence	n/a	237722.0000000000	201
464.3867187500	n/a	PreferredCadence	n/a	237766.0000000000	251
464.9277343750	n/a	DelayTempo	n/a	238043.0000000000	119
465.1210937500	n/a	DelayTempo	n/a	238142.0000000000	999
465.6113281250	n/a	DelayTempo	n/a	238393.0000000000	209
465.8671875000	n/a	DelayTempo	n/a	238524.0000000000	259
466.3066406250	n/a	DelayTempo	n/a	238749.0000000000	109
466.6113281250	n/a	DelayTempo	n/a	238905.0000000000	159
467.0898437500	n/a	DelayTempo	n/a	239150.0000000000	209
467.3613281250	n/a	DelayTempo	n/a	239289.0000000000	259
467.8828125000	n/a	DelayTempo	n/a	239556.0000000000	109
468.0976562500	n/a	DelayTempo	n/a	239666.0000000000	159
468.6953125000	n/a	DelayTempo	n/a	239972.0000000000	209
468.8886718750	n/a	DelayTempo	n/a	240071.0000000000	259
469.4765625000	n/a	DelayTempo	n/a	240372.0000000000	109
469.6367187500	n/a	DelayTempo	n/a	240454.0000000000	159
470.2871093750	n/a	DelayTempo	n/a	240787.0000000000	209
470.3769531250	n/a	DelayTempo	n/a	240833.0000000000	259
471.0410156250	n/a	DelayTempo	n/a	241173.0000000000	109
471.1191406250	n/a	DelayTempo	n/a	241213.0000000000	159
471.7832031250	n/a	DelayTempo	n/a	241553.0000000000	209
471.8613281250	n/a	DelayTempo	n/a	241593.0000000000	259
472.5371093750	n/a	DelayTempo	n/a	241939.0000000000	109
472.6074218750	n/a	DelayTempo	n/a	241975.0000000000	159
473.3183593750	n/a	DelayTempo	n/a	242339.0000000000	209
473.3515625000	n/a	DelayTempo	n/a	242356.0000000000	259
474.0839843750	n/a	DelayTempo	n/a	242731.0000000000	109
474.0957031250	n/a	DelayTempo	n/a	242737.0000000000	159
474.8066406250	n/a	DelayTempo	n/a	243101.0000000000	209
474.8437500000	n/a	DelayTempo	n/a	243120.0000000000	259
475.5214843750	n/a	DelayTempo	n/a	243467.0000000000	109
475.5820312500	n/a	DelayTempo	n/a	243498.0000000000	159
476.2500000000	n/a	DelayTempo	n/a	243840.0000000000	209
476.3222656250	n/a	DelayTempo	n/a	243877.0000000000	259
477.0058593750	n/a	DelayTempo	n/a	244227.0000000000	109
477.1035156250	n/a	DelayTempo	n/a	244277.0000000000	159
477.7558593750	n/a	DelayTempo	n/a	244611.0000000000	209
477.8496093750	n/a	DelayTempo	n/a	244659.0000000000	259
478.5117187500	n/a	DelayTempo	n/a	244998.0000000000	109
478.5527343750	n/a	DelayTempo	n/a	245019.0000000000	159
479.2617187500	n/a	UncuedWalking	n/a	245382.0000000000	200
480.0312500000	n/a	UncuedWalking	n/a	245776.0000000000	100
480.7929687500	n/a	UncuedWalking	n/a	246166.0000000000	200
481.4746093750	n/a	UncuedWalking	n/a	246515.0000000000	100
482.2089843750	n/a	UncuedWalking	n/a	246891.0000000000	200
482.8925781250	n/a	UncuedWalking	n/a	247241.0000000000	100
483.6093750000	n/a	UncuedWalking	n/a	247608.0000000000	200
484.2968750000	n/a	UncuedWalking	n/a	247960.0000000000	100
485.0117187500	n/a	UncuedWalking	n/a	248326.0000000000	200
485.7031250000	n/a	UncuedWalking	n/a	248680.0000000000	100
486.4218750000	n/a	UncuedWalking	n/a	249048.0000000000	200
487.1152343750	n/a	UncuedWalking	n/a	249403.0000000000	100
487.8222656250	n/a	UncuedWalking	n/a	249765.0000000000	200
488.5000000000	n/a	UncuedWalking	n/a	250112.0000000000	100
489.2421875000	n/a	UncuedWalking	n/a	250492.0000000000	200
489.9277343750	n/a	UncuedWalking	n/a	250843.0000000000	100
490.6523437500	n/a	UncuedWalking	n/a	251214.0000000000	200
491.3417968750	n/a	UncuedWalking	n/a	251567.0000000000	100
492.0800781250	n/a	UncuedWalking	n/a	251945.0000000000	200
492.7441406250	n/a	UncuedWalking	n/a	252285.0000000000	100
493.4355468750	n/a	UncuedWalking	n/a	252639.0000000000	200
494.1406250000	n/a	UncuedWalking	n/a	253000.0000000000	100
494.8457031250	n/a	UncuedWalking	n/a	253361.0000000000	200
495.5371093750	n/a	PreferredCadence	n/a	253715.0000000000	114
495.7773437500	n/a	PreferredCadence	n/a	253838.0000000000	444
496.2324218750	n/a	PreferredCadence	n/a	254071.0000000000	201
496.4746093750	n/a	PreferredCadence	n/a	254195.0000000000	251
496.9453125000	n/a	PreferredCadence	n/a	254436.0000000000	101
497.1777343750	n/a	PreferredCadence	n/a	254555.0000000000	151
497.6855468750	n/a	PreferredCadence	n/a	254815.0000000000	201
497.8691406250	n/a	PreferredCadence	n/a	254909.0000000000	251
498.4003906250	n/a	PreferredCadence	n/a	255181.0000000000	101
498.5605468750	n/a	PreferredCadence	n/a	255263.0000000000	151
499.1035156250	n/a	PreferredCadence	n/a	255541.0000000000	201
499.2656250000	n/a	PreferredCadence	n/a	255624.0000000000	251
499.7988281250	n/a	PreferredCadence	n/a	255897.0000000000	101
499.9589843750	n/a	PreferredCadence	n/a	255979.0000000000	151
500.5253906250	n/a	PreferredCadence	n/a	256269.0000000000	201
500.7050781250	n/a	PreferredCadence	n/a	256361.0000000000	251
501.2402343750	n/a	PreferredCadence	n/a	256635.0000000000	101
501.3476562500	n/a	PreferredCadence	n/a	256690.0000000000	151
501.9648437500	n/a	PreferredCadence	n/a	257006.0000000000	201
502.0449218750	n/a	PreferredCadence	n/a	257047.0000000000	251
502.6621093750	n/a	PreferredCadence	n/a	257363.0000000000	101
502.7929687500	n/a	PreferredCadence	n/a	257430.0000000000	151
503.3671875000	n/a	PreferredCadence	n/a	257724.0000000000	201
503.4394531250	n/a	PreferredCadence	n/a	257761.0000000000	251
504.0488281250	n/a	PreferredCadence	n/a	258073.0000000000	101
504.1406250000	n/a	PreferredCadence	n/a	258120.0000000000	151
504.7441406250	n/a	PreferredCadence	n/a	258429.0000000000	201
504.8378906250	n/a	PreferredCadence	n/a	258477.0000000000	251
505.4238281250	n/a	PreferredCadence	n/a	258777.0000000000	101
505.5253906250	n/a	PreferredCadence	n/a	258829.0000000000	151
506.1386718750	n/a	PreferredCadence	n/a	259143.0000000000	201
506.2226562500	n/a	PreferredCadence	n/a	259186.0000000000	251
506.8125000000	n/a	DelayTempo	n/a	259488.0000000000	119
507.0546875000	n/a	DelayTempo	n/a	259612.0000000000	999
507.5410156250	n/a	DelayTempo	n/a	259861.0000000000	209
507.8515625000	n/a	DelayTempo	n/a	260020.0000000000	259
508.2968750000	n/a	DelayTempo	n/a	260248.0000000000	109
508.6855468750	n/a	DelayTempo	n/a	260447.0000000000	159
509.1035156250	n/a	DelayTempo	n/a	260661.0000000000	209
509.4785156250	n/a	DelayTempo	n/a	260853.0000000000	259
509.9648437500	n/a	DelayTempo	n/a	261102.0000000000	109
510.3125000000	n/a	DelayTempo	n/a	261280.0000000000	159
510.7675781250	n/a	DelayTempo	n/a	261513.0000000000	209
511.1503906250	n/a	DelayTempo	n/a	261709.0000000000	259
511.6132812500	n/a	DelayTempo	n/a	261946.0000000000	109
511.9863281250	n/a	DelayTempo	n/a	262137.0000000000	159
512.4589843750	n/a	DelayTempo	n/a	262379.0000000000	209
512.7753906250	n/a	DelayTempo	n/a	262541.0000000000	259
513.2734375000	n/a	DelayTempo	n/a	262796.0000000000	109
513.4199218750	n/a	DelayTempo	n/a	262871.0000000000	209
513.5644531250	n/a	DelayTempo	n/a	262945.0000000000	159
514.0917968750	n/a	DelayTempo	n/a	263215.0000000000	209
514.3984375000	n/a	DelayTempo	n/a	263372.0000000000	259
514.9296875000	n/a	DelayTempo	n/a	263644.0000000000	109
515.1953125000	n/a	DelayTempo	n/a	263780.0000000000	159
515.7519531250	n/a	DelayTempo	n/a	264065.0000000000	209
516.0800781250	n/a	DelayTempo	n/a	264233.0000000000	259
516.6074218750	n/a	DelayTempo	n/a	264503.0000000000	109
516.8183593750	n/a	DelayTempo	n/a	264611.0000000000	159
517.4433593750	n/a	DelayTempo	n/a	264931.0000000000	209
517.6484375000	n/a	DelayTempo	n/a	265036.0000000000	259
518.2695312500	n/a	DelayTempo	n/a	265354.0000000000	109
518.4433593750	n/a	DelayTempo	n/a	265443.0000000000	159
519.1074218750	n/a	DelayTempo	n/a	265783.0000000000	209
519.2734375000	n/a	DelayTempo	n/a	265868.0000000000	259
519.9179687500	n/a	DelayTempo	n/a	266198.0000000000	109
520.0664062500	n/a	DelayTempo	n/a	266274.0000000000	159
520.7265625000	n/a	DelayTempo	n/a	266612.0000000000	209
520.8984375000	n/a	DelayTempo	n/a	266700.0000000000	259
521.5507812500	n/a	DelayTempo	n/a	267034.0000000000	109
521.6347656250	n/a	DelayTempo	n/a	267077.0000000000	209
521.6914062500	n/a	DelayTempo	n/a	267106.0000000000	159
521.7460937500	n/a	DelayTempo	n/a	267134.0000000000	209
522.3398437500	n/a	DelayTempo	n/a	267438.0000000000	209
523.0761718750	n/a	UncuedWalking	n/a	267815.0000000000	100
523.2070312500	n/a	UncuedWalking	n/a	267882.0000000000	200
523.8359375000	n/a	UncuedWalking	n/a	268204.0000000000	200
524.5527343750	n/a	UncuedWalking	n/a	268571.0000000000	100
525.2617187500	n/a	UncuedWalking	n/a	268934.0000000000	200
525.9394531250	n/a	UncuedWalking	n/a	269281.0000000000	100
526.6679687500	n/a	UncuedWalking	n/a	269654.0000000000	200
527.3261718750	n/a	UncuedWalking	n/a	269991.0000000000	100
528.0312500000	n/a	UncuedWalking	n/a	270352.0000000000	200
528.7207031250	n/a	UncuedWalking	n/a	270705.0000000000	100
529.3945312500	n/a	UncuedWalking	n/a	271050.0000000000	200
530.0605468750	n/a	UncuedWalking	n/a	271391.0000000000	100
530.7539062500	n/a	UncuedWalking	n/a	271746.0000000000	200
531.4101562500	n/a	UncuedWalking	n/a	272082.0000000000	100
532.1152343750	n/a	UncuedWalking	n/a	272443.0000000000	200
532.7851562500	n/a	UncuedWalking	n/a	272786.0000000000	100
533.5214843750	n/a	UncuedWalking	n/a	273163.0000000000	200
534.1757812500	n/a	UncuedWalking	n/a	273498.0000000000	100
534.8886718750	n/a	UncuedWalking	n/a	273863.0000000000	200
535.5390625000	n/a	UncuedWalking	n/a	274196.0000000000	100
536.2421875000	n/a	UncuedWalking	n/a	274556.0000000000	200
536.8906250000	n/a	UncuedWalking	n/a	274888.0000000000	100
537.5800781250	n/a	UncuedWalking	n/a	275241.0000000000	200
538.2402343750	n/a	PreferredCadence	n/a	275579.0000000000	114
538.5000000000	n/a	PreferredCadence	n/a	275712.0000000000	444
538.9394531250	n/a	PreferredCadence	n/a	275937.0000000000	201
539.1503906250	n/a	PreferredCadence	n/a	276045.0000000000	251
539.6171875000	n/a	PreferredCadence	n/a	276284.0000000000	101
539.8496093750	n/a	PreferredCadence	n/a	276403.0000000000	151
540.2871093750	n/a	PreferredCadence	n/a	276627.0000000000	201
540.5468750000	n/a	PreferredCadence	n/a	276760.0000000000	251
540.9355468750	n/a	PreferredCadence	n/a	276959.0000000000	101
541.1230468750	n/a	PreferredCadence	n/a	277055.0000000000	201
541.2441406250	n/a	PreferredCadence	n/a	277117.0000000000	151
541.6582031250	n/a	PreferredCadence	n/a	277329.0000000000	201
541.9394531250	n/a	PreferredCadence	n/a	277473.0000000000	251
542.3496093750	n/a	PreferredCadence	n/a	277683.0000000000	101
542.6250000000	n/a	PreferredCadence	n/a	277824.0000000000	151
543.0917968750	n/a	PreferredCadence	n/a	278063.0000000000	201
543.2812500000	n/a	PreferredCadence	n/a	278160.0000000000	251
543.7929687500	n/a	PreferredCadence	n/a	278422.0000000000	101
543.9804687500	n/a	PreferredCadence	n/a	278518.0000000000	151
544.5039062500	n/a	PreferredCadence	n/a	278786.0000000000	201
544.6308593750	n/a	PreferredCadence	n/a	278851.0000000000	251
545.1660156250	n/a	PreferredCadence	n/a	279125.0000000000	101
545.3261718750	n/a	PreferredCadence	n/a	279207.0000000000	151
545.8535156250	n/a	PreferredCadence	n/a	279477.0000000000	201
546.0234375000	n/a	PreferredCadence	n/a	279564.0000000000	251
546.5117187500	n/a	PreferredCadence	n/a	279814.0000000000	101
546.7207031250	n/a	PreferredCadence	n/a	279921.0000000000	151
547.2207031250	n/a	PreferredCadence	n/a	280177.0000000000	201
547.4179687500	n/a	PreferredCadence	n/a	280278.0000000000	251
547.9062500000	n/a	PreferredCadence	n/a	280528.0000000000	101
548.0644531250	n/a	PreferredCadence	n/a	280609.0000000000	151
548.6171875000	n/a	PreferredCadence	n/a	280892.0000000000	201
548.7675781250	n/a	PreferredCadence	n/a	280969.0000000000	251
549.2949218750	n/a	AdvanceTempo	n/a	281239.0000000000	113
549.3222656250	n/a	AdvanceTempo	n/a	281253.0000000000	333
549.8750000000	n/a	AdvanceTempo	n/a	281536.0000000000	253
549.9609375000	n/a	AdvanceTempo	n/a	281580.0000000000	203
550.4765625000	n/a	AdvanceTempo	n/a	281844.0000000000	153
550.5019531250	n/a	AdvanceTempo	n/a	281857.0000000000	103
551.0332031250	n/a	AdvanceTempo	n/a	282129.0000000000	253
551.0507812500	n/a	AdvanceTempo	n/a	282138.0000000000	203
551.5976562500	n/a	AdvanceTempo	n/a	282418.0000000000	153
551.5996093750	n/a	AdvanceTempo	n/a	282419.0000000000	103
552.1542968750	n/a	AdvanceTempo	n/a	282703.0000000000	253
552.1796875000	n/a	AdvanceTempo	n/a	282716.0000000000	203
552.7128906250	n/a	AdvanceTempo	n/a	282989.0000000000	103
552.7480468750	n/a	AdvanceTempo	n/a	283007.0000000000	153
553.2988281250	n/a	AdvanceTempo	n/a	283289.0000000000	203
553.3203125000	n/a	AdvanceTempo	n/a	283300.0000000000	253
553.8476562500	n/a	AdvanceTempo	n/a	283570.0000000000	103
553.8730468750	n/a	AdvanceTempo	n/a	283583.0000000000	153
554.4355468750	n/a	AdvanceTempo	n/a	283871.0000000000	203
554.4726562500	n/a	AdvanceTempo	n/a	283890.0000000000	253
555.0058593750	n/a	AdvanceTempo	n/a	284163.0000000000	103
555.0351562500	n/a	AdvanceTempo	n/a	284178.0000000000	153
555.5878906250	n/a	AdvanceTempo	n/a	284461.0000000000	203
555.5898437500	n/a	AdvanceTempo	n/a	284462.0000000000	253
556.1367187500	n/a	AdvanceTempo	n/a	284742.0000000000	103
556.1484375000	n/a	AdvanceTempo	n/a	284748.0000000000	153
556.7031250000	n/a	AdvanceTempo	n/a	285032.0000000000	253
556.7304687500	n/a	AdvanceTempo	n/a	285046.0000000000	203
557.2675781250	n/a	AdvanceTempo	n/a	285321.0000000000	153
557.2871093750	n/a	AdvanceTempo	n/a	285331.0000000000	103
557.8476562500	n/a	AdvanceTempo	n/a	285618.0000000000	203
557.8593750000	n/a	AdvanceTempo	n/a	285624.0000000000	253
558.3964843750	n/a	AdvanceTempo	n/a	285899.0000000000	103
558.4160156250	n/a	AdvanceTempo	n/a	285909.0000000000	153
558.9726562500	n/a	AdvanceTempo	n/a	286194.0000000000	203
558.9785156250	n/a	AdvanceTempo	n/a	286197.0000000000	253
559.5351562500	n/a	AdvanceTempo	n/a	286482.0000000000	103
559.5449218750	n/a	AdvanceTempo	n/a	286487.0000000000	153
560.1132812500	n/a	UncuedWalking	n/a	286778.0000000000	200
560.6660156250	n/a	UncuedWalking	n/a	287061.0000000000	100
561.2988281250	n/a	UncuedWalking	n/a	287385.0000000000	200
561.9355468750	n/a	UncuedWalking	n/a	287711.0000000000	100
562.6132812500	n/a	UncuedWalking	n/a	288058.0000000000	200
563.2597656250	n/a	UncuedWalking	n/a	288389.0000000000	100
563.9316406250	n/a	UncuedWalking	n/a	288733.0000000000	200
564.5742187500	n/a	UncuedWalking	n/a	289062.0000000000	100
565.2363281250	n/a	UncuedWalking	n/a	289401.0000000000	200
565.8828125000	n/a	UncuedWalking	n/a	289732.0000000000	100
566.5429687500	n/a	UncuedWalking	n/a	290070.0000000000	200
567.1875000000	n/a	UncuedWalking	n/a	290400.0000000000	100
567.8339843750	n/a	UncuedWalking	n/a	290731.0000000000	200
568.4726562500	n/a	UncuedWalking	n/a	291058.0000000000	100
569.1230468750	n/a	UncuedWalking	n/a	291391.0000000000	200
569.7617187500	n/a	UncuedWalking	n/a	291718.0000000000	100
570.4238281250	n/a	UncuedWalking	n/a	292057.0000000000	200
571.0546875000	n/a	UncuedWalking	n/a	292380.0000000000	100
571.7128906250	n/a	UncuedWalking	n/a	292717.0000000000	200
572.3457031250	n/a	UncuedWalking	n/a	293041.0000000000	100
573.0195312500	n/a	UncuedWalking	n/a	293386.0000000000	200
573.6425781250	n/a	UncuedWalking	n/a	293705.0000000000	100
574.3085937500	n/a	UncuedWalking	n/a	294046.0000000000	200
574.9257812500	n/a	UncuedWalking	n/a	294362.0000000000	100
575.5917968750	n/a	UncuedWalking	n/a	294703.0000000000	200
576.2187500000	n/a	PreferredCadence	n/a	295024.0000000000	114
576.4785156250	n/a	PreferredCadence	n/a	295157.0000000000	444
576.8593750000	n/a	PreferredCadence	n/a	295352.0000000000	201
577.1308593750	n/a	PreferredCadence	n/a	295491.0000000000	251
577.5097656250	n/a	PreferredCadence	n/a	295685.0000000000	101
577.7871093750	n/a	PreferredCadence	n/a	295827.0000000000	151
578.1875000000	n/a	PreferredCadence	n/a	296032.0000000000	201
578.4453125000	n/a	PreferredCadence	n/a	296164.0000000000	251
578.8300781250	n/a	PreferredCadence	n/a	296361.0000000000	101
579.0859375000	n/a	PreferredCadence	n/a	296492.0000000000	151
579.4804687500	n/a	PreferredCadence	n/a	296694.0000000000	201
579.7343750000	n/a	PreferredCadence	n/a	296824.0000000000	251
580.1386718750	n/a	PreferredCadence	n/a	297031.0000000000	101
580.3828125000	n/a	PreferredCadence	n/a	297156.0000000000	151
580.8203125000	n/a	PreferredCadence	n/a	297380.0000000000	201
580.9921875000	n/a	PreferredCadence	n/a	297468.0000000000	251
581.4726562500	n/a	PreferredCadence	n/a	297714.0000000000	101
581.6425781250	n/a	PreferredCadence	n/a	297801.0000000000	151
582.1308593750	n/a	PreferredCadence	n/a	298051.0000000000	201
582.2910156250	n/a	PreferredCadence	n/a	298133.0000000000	251
582.7636718750	n/a	PreferredCadence	n/a	298375.0000000000	101
582.9921875000	n/a	PreferredCadence	n/a	298492.0000000000	151
583.4335937500	n/a	PreferredCadence	n/a	298718.0000000000	201
583.5917968750	n/a	PreferredCadence	n/a	298799.0000000000	251
584.0898437500	n/a	PreferredCadence	n/a	299054.0000000000	101
584.2441406250	n/a	PreferredCadence	n/a	299133.0000000000	151
584.7539062500	n/a	PreferredCadence	n/a	299394.0000000000	201
584.8945312500	n/a	PreferredCadence	n/a	299466.0000000000	251
585.4023437500	n/a	PreferredCadence	n/a	299726.0000000000	101
585.5410156250	n/a	PreferredCadence	n/a	299797.0000000000	151
586.0800781250	n/a	PreferredCadence	n/a	300073.0000000000	201
586.1894531250	n/a	PreferredCadence	n/a	300129.0000000000	251
586.7324218750	n/a	DelayTempo	n/a	300407.0000000000	119
586.9375000000	n/a	DelayTempo	n/a	300512.0000000000	999
587.4257812500	n/a	DelayTempo	n/a	300762.0000000000	209
587.6855468750	n/a	DelayTempo	n/a	300895.0000000000	259
588.1250000000	n/a	DelayTempo	n/a	301120.0000000000	109
588.4589843750	n/a	DelayTempo	n/a	301291.0000000000	159
588.8828125000	n/a	DelayTempo	n/a	301508.0000000000	209
589.2187500000	n/a	DelayTempo	n/a	301680.0000000000	259
589.6816406250	n/a	DelayTempo	n/a	301917.0000000000	109
589.9511718750	n/a	DelayTempo	n/a	302055.0000000000	159
590.4804687500	n/a	DelayTempo	n/a	302326.0000000000	209
590.6953125000	n/a	DelayTempo	n/a	302436.0000000000	259
591.2734375000	n/a	DelayTempo	n/a	302732.0000000000	109
591.4375000000	n/a	DelayTempo	n/a	302816.0000000000	159
592.0742187500	n/a	DelayTempo	n/a	303142.0000000000	209
592.2343750000	n/a	DelayTempo	n/a	303224.0000000000	259
592.8691406250	n/a	DelayTempo	n/a	303549.0000000000	109
592.9687500000	n/a	DelayTempo	n/a	303600.0000000000	159
593.6406250000	n/a	DelayTempo	n/a	303944.0000000000	209
593.7636718750	n/a	DelayTempo	n/a	304007.0000000000	259
594.4257812500	n/a	DelayTempo	n/a	304346.0000000000	109
594.5058593750	n/a	DelayTempo	n/a	304387.0000000000	159
595.2031250000	n/a	DelayTempo	n/a	304744.0000000000	209
595.2460937500	n/a	DelayTempo	n/a	304766.0000000000	259
595.9667968750	n/a	DelayTempo	n/a	305135.0000000000	109
595.9882812500	n/a	DelayTempo	n/a	305146.0000000000	159
596.7246093750	n/a	DelayTempo	n/a	305523.0000000000	209
596.7343750000	n/a	DelayTempo	n/a	305528.0000000000	259
597.4648437500	n/a	DelayTempo	n/a	305902.0000000000	109
597.5136718750	n/a	DelayTempo	n/a	305927.0000000000	159
598.2089843750	n/a	DelayTempo	n/a	306283.0000000000	209
598.2656250000	n/a	DelayTempo	n/a	306312.0000000000	259
598.9472656250	n/a	DelayTempo	n/a	306661.0000000000	109
599.0058593750	n/a	DelayTempo	n/a	306691.0000000000	159
599.7070312500	n/a	DelayTempo	n/a	307050.0000000000	209
599.7519531250	n/a	DelayTempo	n/a	307073.0000000000	259
600.4492187500	n/a	DelayTempo	n/a	307430.0000000000	109
600.5878906250	n/a	DelayTempo	n/a	307501.0000000000	159
601.2265625000	n/a	UncuedWalking	n/a	307828.0000000000	200
602.0097656250	n/a	UncuedWalking	n/a	308229.0000000000	100
602.7675781250	n/a	UncuedWalking	n/a	308617.0000000000	200
603.4902343750	n/a	UncuedWalking	n/a	308987.0000000000	100
604.1757812500	n/a	UncuedWalking	n/a	309338.0000000000	200
604.8300781250	n/a	UncuedWalking	n/a	309673.0000000000	100
605.5175781250	n/a	UncuedWalking	n/a	310025.0000000000	200
606.2011718750	n/a	UncuedWalking	n/a	310375.0000000000	100
606.8378906250	n/a	UncuedWalking	n/a	310701.0000000000	200
607.4609375000	n/a	UncuedWalking	n/a	311020.0000000000	100
608.1503906250	n/a	UncuedWalking	n/a	311373.0000000000	200
608.8085937500	n/a	UncuedWalking	n/a	311710.0000000000	100
609.4550781250	n/a	UncuedWalking	n/a	312041.0000000000	200
610.0156250000	n/a	UncuedWalking	n/a	312328.0000000000	100
610.6835937500	n/a	UncuedWalking	n/a	312670.0000000000	200
611.3593750000	n/a	UncuedWalking	n/a	313016.0000000000	100
611.4687500000	n/a	UncuedWalking	n/a	313072.0000000000	200
612.0703125000	n/a	UncuedWalking	n/a	313380.0000000000	200
612.7656250000	n/a	UncuedWalking	n/a	313736.0000000000	100
613.4726562500	n/a	UncuedWalking	n/a	314098.0000000000	200
614.1601562500	n/a	UncuedWalking	n/a	314450.0000000000	100
614.8730468750	n/a	UncuedWalking	n/a	314815.0000000000	200
615.5605468750	n/a	UncuedWalking	n/a	315167.0000000000	100
616.2421875000	n/a	UncuedWalking	n/a	315516.0000000000	200
616.9140625000	n/a	PreferredCadence	n/a	315860.0000000000	114
617.2050781250	n/a	PreferredCadence	n/a	316009.0000000000	444
617.6269531250	n/a	PreferredCadence	n/a	316225.0000000000	201
617.8242187500	n/a	PreferredCadence	n/a	316326.0000000000	251
618.3261718750	n/a	PreferredCadence	n/a	316583.0000000000	101
618.5136718750	n/a	PreferredCadence	n/a	316679.0000000000	151
619.0058593750	n/a	PreferredCadence	n/a	316931.0000000000	201
619.2070312500	n/a	PreferredCadence	n/a	317034.0000000000	251
619.6542968750	n/a	PreferredCadence	n/a	317263.0000000000	101
619.9082031250	n/a	PreferredCadence	n/a	317393.0000000000	151
620.3457031250	n/a	PreferredCadence	n/a	317617.0000000000	201
620.5566406250	n/a	PreferredCadence	n/a	317725.0000000000	251
621.0253906250	n/a	PreferredCadence	n/a	317965.0000000000	101
621.2519531250	n/a	PreferredCadence	n/a	318081.0000000000	151
621.7246093750	n/a	PreferredCadence	n/a	318323.0000000000	201
621.9511718750	n/a	PreferredCadence	n/a	318439.0000000000	251
622.4199218750	n/a	PreferredCadence	n/a	318679.0000000000	101
622.5957031250	n/a	PreferredCadence	n/a	318769.0000000000	151
623.1250000000	n/a	PreferredCadence	n/a	319040.0000000000	201
623.2558593750	n/a	PreferredCadence	n/a	319107.0000000000	251
623.7910156250	n/a	PreferredCadence	n/a	319381.0000000000	101
623.9433593750	n/a	PreferredCadence	n/a	319459.0000000000	151
624.4687500000	n/a	PreferredCadence	n/a	319728.0000000000	201
624.6406250000	n/a	PreferredCadence	n/a	319816.0000000000	251
625.1542968750	n/a	PreferredCadence	n/a	320079.0000000000	101
625.3378906250	n/a	PreferredCadence	n/a	320173.0000000000	151
625.8535156250	n/a	PreferredCadence	n/a	320437.0000000000	201
625.9843750000	n/a	PreferredCadence	n/a	320504.0000000000	251
626.5312500000	n/a	PreferredCadence	n/a	320784.0000000000	101
626.6914062500	n/a	PreferredCadence	n/a	320866.0000000000	151
627.2519531250	n/a	PreferredCadence	n/a	321153.0000000000	201
627.3789062500	n/a	PreferredCadence	n/a	321218.0000000000	251
627.9453125000	n/a	PreferredCadence	n/a	321508.0000000000	101
628.0312500000	n/a	PreferredCadence	n/a	321552.0000000000	151
628.6425781250	n/a	PreferredCadence	n/a	321865.0000000000	201
628.7246093750	n/a	PreferredCadence	n/a	321907.0000000000	251
629.2812500000	n/a	AdvanceTempo	n/a	322192.0000000000	333
629.3164062500	n/a	AdvanceTempo	n/a	322210.0000000000	113
629.8457031250	n/a	AdvanceTempo	n/a	322481.0000000000	253
629.9394531250	n/a	AdvanceTempo	n/a	322529.0000000000	203
630.4492187500	n/a	AdvanceTempo	n/a	322790.0000000000	153
630.4804687500	n/a	AdvanceTempo	n/a	322806.0000000000	103
630.9589843750	n/a	AdvanceTempo	n/a	323051.0000000000	253
631.0351562500	n/a	AdvanceTempo	n/a	323090.0000000000	203
631.5507812500	n/a	AdvanceTempo	n/a	323354.0000000000	103
631.5625000000	n/a	AdvanceTempo	n/a	323360.0000000000	153
632.1035156250	n/a	AdvanceTempo	n/a	323637.0000000000	203
632.1152343750	n/a	AdvanceTempo	n/a	323643.0000000000	253
632.6406250000	n/a	AdvanceTempo	n/a	323912.0000000000	103
632.6855468750	n/a	AdvanceTempo	n/a	323935.0000000000	153
633.2128906250	n/a	AdvanceTempo	n/a	324205.0000000000	203
633.2304687500	n/a	AdvanceTempo	n/a	324214.0000000000	253
633.7480468750	n/a	AdvanceTempo	n/a	324479.0000000000	103
633.7851562500	n/a	AdvanceTempo	n/a	324498.0000000000	153
634.3398437500	n/a	AdvanceTempo	n/a	324782.0000000000	203
634.3476562500	n/a	AdvanceTempo	n/a	324786.0000000000	253
634.8828125000	n/a	AdvanceTempo	n/a	325060.0000000000	103
634.9062500000	n/a	AdvanceTempo	n/a	325072.0000000000	153
635.4570312500	n/a	AdvanceTempo	n/a	325354.0000000000	203
635.5078125000	n/a	AdvanceTempo	n/a	325380.0000000000	253
636.0117187500	n/a	AdvanceTempo	n/a	325638.0000000000	103
636.0605468750	n/a	AdvanceTempo	n/a	325663.0000000000	153
636.6113281250	n/a	AdvanceTempo	n/a	325945.0000000000	203
636.6230468750	n/a	AdvanceTempo	n/a	325951.0000000000	253
637.1679687500	n/a	AdvanceTempo	n/a	326230.0000000000	103
637.1816406250	n/a	AdvanceTempo	n/a	326237.0000000000	153
637.7402343750	n/a	AdvanceTempo	n/a	326523.0000000000	253
637.7480468750	n/a	AdvanceTempo	n/a	326527.0000000000	203
638.2890625000	n/a	AdvanceTempo	n/a	326804.0000000000	103
638.3007812500	n/a	AdvanceTempo	n/a	326810.0000000000	153
638.8574218750	n/a	AdvanceTempo	n/a	327095.0000000000	203
638.8964843750	n/a	AdvanceTempo	n/a	327115.0000000000	253
639.4042968750	n/a	AdvanceTempo	n/a	327375.0000000000	103
639.4511718750	n/a	AdvanceTempo	n/a	327399.0000000000	153
639.9882812500	n/a	UncuedWalking	n/a	327674.0000000000	200
640.5566406250	n/a	UncuedWalking	n/a	327965.0000000000	100
641.1835937500	n/a	UncuedWalking	n/a	328286.0000000000	200
641.8261718750	n/a	UncuedWalking	n/a	328615.0000000000	100
642.4824218750	n/a	UncuedWalking	n/a	328951.0000000000	200
643.1347656250	n/a	UncuedWalking	n/a	329285.0000000000	100
643.8242187500	n/a	UncuedWalking	n/a	329638.0000000000	200
644.5039062500	n/a	UncuedWalking	n/a	329986.0000000000	100
645.1718750000	n/a	UncuedWalking	n/a	330328.0000000000	200
645.8242187500	n/a	UncuedWalking	n/a	330662.0000000000	100
646.5058593750	n/a	UncuedWalking	n/a	331011.0000000000	200
647.1875000000	n/a	UncuedWalking	n/a	331360.0000000000	100
647.8730468750	n/a	UncuedWalking	n/a	331711.0000000000	200
648.5410156250	n/a	UncuedWalking	n/a	332053.0000000000	100
649.1914062500	n/a	UncuedWalking	n/a	332386.0000000000	200
649.8515625000	n/a	UncuedWalking	n/a	332724.0000000000	100
650.5253906250	n/a	UncuedWalking	n/a	333069.0000000000	200
651.1953125000	n/a	UncuedWalking	n/a	333412.0000000000	100
651.8613281250	n/a	UncuedWalking	n/a	333753.0000000000	200
652.5175781250	n/a	UncuedWalking	n/a	334089.0000000000	100
653.1582031250	n/a	UncuedWalking	n/a	334417.0000000000	200
653.8281250000	n/a	UncuedWalking	n/a	334760.0000000000	100
654.4843750000	n/a	UncuedWalking	n/a	335096.0000000000	200
655.1191406250	n/a	UncuedWalking	n/a	335421.0000000000	100
655.7792968750	n/a	UncuedWalking	n/a	335759.0000000000	200
656.4316406250	n/a	UncuedWalking	n/a	336093.0000000000	100
657.1074218750	n/a	UncuedWalking	n/a	336439.0000000000	200
